,bound_0,bound_1,bound_2,bound_3,bound_4,bound_5,bound_6,bound_7,bound_8,bound_9,bound_10,bound_11,bound_12,bound_13,bound_14,bound_15,bound_16,bound_17,bound_18,bound_19,bound_20,bound_21,bound_22,bound_23,bound_24,bound_25,bound_26,bound_27,bound_28,bound_29,bound_30,bound_31,bound_32,bound_33,bound_34,bound_35,bound_36,bound_37,bound_38,bound_39,bound_40,bound_41,bound_42,bound_43,bound_44,bound_45,bound_46,bound_47,bound_48,bound_49,bound_50,bound_51,bound_52,bound_53,bound_54,bound_55,bound_56,bound_57,bound_58,bound_59,bound_60,bound_61,bound_62,bound_63,bound_64,bound_65,bound_66,bound_67,bound_68,bound_69,bound_70,bound_71,bound_72,bound_73,bound_74,bound_75,bound_76,bound_77,bound_78,bound_79,bound_80,bound_81,bound_82,bound_83,bound_84,bound_85,bound_86,bound_87,bound_88,bound_89
0,13.903436660766602,13.34988021850586,12.81601333618164,12.301836967468262,11.807347297668457,11.332544326782227,10.877431869506836,10.44200611114502,10.026267051696777,9.630215644836426,9.253852844238281,8.897174835205078,8.560184478759766,8.242878913879395,7.945260047912598,7.667326927185059,7.4090800285339355,7.170517444610596,6.951640605926514,6.752448081970215,6.572941303253174,6.413119316101074,6.2729811668396,6.152527332305908,6.051757335662842,5.970672130584717,5.909270286560059,5.867551326751709,5.84551477432251,5.843160152435303,5.860485076904297,5.897485733032227,5.9541544914245605,6.03048038482666,6.126439571380615,6.241988182067871,6.377047538757324,6.531468391418457,6.704977512359619,6.89706563949585,7.106795787811279,7.332457065582275,7.570951461791992,7.816818714141846,8.060812950134277,8.288439750671387,8.479804992675781,8.613306999206543,8.674120903015137,8.662446975708008,8.593392372131348,8.488606452941895,8.367877006530762,8.245555877685547,8.130778312683105,8.028931617736816,7.943070888519287,7.874884605407715,7.825294017791748,7.794800281524658,7.783673286437988,7.792059898376465,7.820037364959717,7.867650032043457,7.9349188804626465,8.021857261657715,8.128471374511719,8.25476360321045,8.400737762451172,8.566391944885254,8.751731872558594,8.956754684448242,9.181458473205566,9.425847053527832,9.689916610717773,9.973672866821289,10.277112007141113,10.600232124328613,10.943038940429688,11.305525779724121,11.687700271606445,12.089558601379395,12.511096000671387,12.952323913574219,13.413228988647461,13.893824577331543,14.394104957580566,14.914064407348633,15.453712463378906,16.013044357299805
1,12.522378921508789,11.987289428710938,11.47140884399414,10.9747314453125,10.497235298156738,10.03891658782959,9.599761009216309,9.179756164550781,8.778887748718262,8.397149085998535,8.034524917602539,7.691004276275635,7.366576671600342,7.061229228973389,6.774953842163086,6.507739067077637,6.259575366973877,6.030452251434326,5.820359706878662,5.629291534423828,5.45723819732666,5.3041911125183105,5.1701436042785645,5.055088520050049,4.959021091461182,4.88193416595459,4.82382345199585,4.784684181213379,4.7645111083984375,4.763302326202393,4.781050682067871,4.817751884460449,4.8733954429626465,4.947968006134033,5.041440486907959,5.153764724731445,5.284851551055908,5.4345383644104,5.602527618408203,5.7882795333862305,5.990819454193115,6.208401203155518,6.437942981719971,6.674136161804199,6.9082136154174805,7.1267619132995605,7.311729431152344,7.443668365478516,7.508935928344727,7.506793022155762,7.449827671051025,7.357273101806641,7.247542858123779,7.1345601081848145,7.027515888214111,6.932008266448975,6.8513007164001465,6.787243843078613,6.740872859954834,6.712761878967285,6.703225135803223,6.712438106536865,6.740494728088379,6.787448883056641,6.853328227996826,6.938149929046631,7.041923522949219,7.164654731750488,7.306351661682129,7.467015266418457,7.646653175354004,7.845269680023193,8.062867164611816,8.299456596374512,8.555038452148438,8.829625129699707,9.123222351074219,9.435834884643555,9.767475128173828,10.118149757385254,10.487870216369629,10.876646041870117,11.284481048583984,11.711393356323242,12.157388687133789,12.622483253479004,13.106685638427734,13.610000610351562,14.132452011108398,14.674039840698242
2,11.564369201660156,11.056812286376953,10.568013191223145,10.09793758392334,9.646539688110352,9.213772773742676,8.799588203430176,8.403942108154297,8.026780128479004,7.668057441711426,7.32772159576416,7.0057196617126465,6.702000617980957,6.416511058807373,6.149199962615967,5.900015354156494,5.668903827667236,5.45581579208374,5.26069974899292,5.083509922027588,4.924199104309082,4.782723426818848,4.659040927886963,4.553112983703613,4.464904308319092,4.394384860992432,4.341524124145508,4.306300163269043,4.288691997528076,4.288684368133545,4.306262016296387,4.341415882110596,4.394133567810059,4.464400768280029,4.55219030380249,4.657453536987305,4.780099868774414,4.919958114624023,5.076717376708984,5.249817848205566,5.438276290893555,5.640378952026367,5.853207588195801,6.071924686431885,6.288845539093018,6.4926300048828125,6.668392181396484,6.800092697143555,6.875692367553711,6.892603397369385,6.859034538269043,6.789927959442139,6.701159477233887,6.605805397033691,6.51314640045166,6.429198741912842,6.357658863067627,6.300721645355225,6.259664058685303,6.2352213859558105,6.227810382843018,6.237668514251709,6.264930248260498,6.309676170349121,6.371955871582031,6.4518022537231445,6.549243927001953,6.664305686950684,6.797016143798828,6.9474029541015625,7.1154985427856445,7.301337242126465,7.5049543380737305,7.726393699645996,7.965696334838867,8.222908973693848,8.498076438903809,8.791244506835938,9.102470397949219,9.431796073913574,9.779277801513672,10.144968032836914,10.528909683227539,10.931163787841797,11.35177230834961,11.790793418884277,12.248270988464355,12.724249839782715,13.21878433227539,13.731915473937988
3,10.701700210571289,10.224630355834961,9.766032218933105,9.325839042663574,8.903972625732422,8.500345230102539,8.11487865447998,7.747466564178467,7.398021697998047,7.066442966461182,6.752615928649902,6.4564385414123535,6.1777849197387695,5.9165425300598145,5.672589302062988,5.445794105529785,5.236033916473389,5.043174743652344,4.867090225219727,4.707653999328613,4.564735412597656,4.438215255737305,4.32797384262085,4.233903408050537,4.1559014320373535,4.093873977661133,4.0477423667907715,4.017435073852539,4.002898693084717,4.004091739654541,4.020982265472412,4.0535569190979,4.101804733276367,4.1657233238220215,4.245303630828857,4.340517520904541,4.451296329498291,4.577491283416748,4.718811511993408,4.874725341796875,5.044304370880127,5.22597074508667,5.417133808135986,5.613673210144043,5.809329032897949,5.995214462280273,6.1599602699279785,6.291226387023926,6.378920078277588,6.418927192687988,6.4149088859558105,6.376668930053711,6.316453456878662,6.245674133300781,6.173308849334717,6.105706214904785,6.047065258026123,6.000039100646973,5.966259956359863,5.946710109710693,5.9419755935668945,5.952406406402588,5.978214740753174,6.0195393562316895,6.07647705078125,6.149111270904541,6.2375168800354,6.341772556304932,6.461967468261719,6.5981903076171875,6.750544548034668,6.919137477874756,7.104079723358154,7.305495262145996,7.523502349853516,7.7582292556762695,8.009800910949707,8.278338432312012,8.563973426818848,8.866823196411133,9.187013626098633,9.524658203125,9.879867553710938,10.252758979797363,10.643427848815918,11.051984786987305,11.478520393371582,11.923123359680176,12.38588809967041,12.866890907287598
4,9.898538589477539,9.45254135131836,9.024825096130371,8.615287780761719,8.223821640014648,7.850312232971191,7.494630813598633,7.1566481590271,6.836215972900391,6.533184051513672,6.247390270233154,5.978656768798828,5.726802825927734,5.491629600524902,5.272934913635254,5.0705060958862305,4.884116172790527,4.713540077209473,4.558539390563965,4.418877124786377,4.29431676864624,4.184621334075928,4.08956241607666,4.0089192390441895,3.942488431930542,3.890083074569702,3.8515372276306152,3.8267133235931396,3.8154990673065186,3.817814588546753,3.833609104156494,3.862861394882202,3.905576467514038,3.9617767333984375,4.031492233276367,4.114742755889893,4.211513042449951,4.321712017059326,4.445115089416504,4.581274032592773,4.729391098022461,4.888126850128174,5.055345058441162,5.227773666381836,5.400643825531006,5.567432880401611,5.719971656799316,5.849295616149902,5.947427272796631,6.009646892547607,6.036124229431152,6.031820774078369,6.004748344421387,5.963700771331787,5.916576385498047,5.86961555480957,5.827354907989502,5.792903900146484,5.768311023712158,5.754895210266113,5.753491401672363,5.764632225036621,5.788667678833008,5.825843811035156,5.876353740692139,5.940370559692383,6.01806116104126,6.109601974487305,6.215180397033691,6.334994316101074,6.46925687789917,6.618185997009277,6.782007694244385,6.96095609664917,7.155257701873779,7.365147590637207,7.590847969055176,7.832578182220459,8.090555191040039,8.364978790283203,8.656048774719238,8.96395206451416,9.288858413696289,9.630943298339844,9.990355491638184,10.3672513961792,10.761764526367188,11.174023628234863,11.604154586791992,12.052266120910645
5,9.14935302734375,8.734333992004395,8.337420463562012,7.958487510681152,7.597397804260254,7.25400972366333,6.928161144256592,6.6196794509887695,6.328376293182373,6.054052829742432,5.7964887619018555,5.555449485778809,5.330682277679443,5.121917247772217,4.928866386413574,4.751225471496582,4.588673114776611,4.440872669219971,4.307475566864014,4.188124656677246,4.082456588745117,3.990107774734497,3.9107205867767334,3.843949317932129,3.7894680500030518,3.746978998184204,3.716216802597046,3.6969590187072754,3.6890294551849365,3.69230318069458,3.706707000732422,3.7322189807891846,3.7688632011413574,3.816699981689453,3.87581205368042,3.946284770965576,4.0281758308410645,4.12147855758667,4.226067543029785,4.341625213623047,4.467543125152588,4.602794647216797,4.745759963989258,4.894038677215576,5.0442423820495605,5.191869258880615,5.3313727378845215,5.456574440002441,5.561549186706543,5.641838550567627,5.69560432434082,5.724120616912842,5.731356143951416,5.72287654876709,5.70461368560791,5.681966304779053,5.659355163574219,5.640145301818848,5.626766681671143,5.620919227600098,5.623770236968994,5.636122226715088,5.658544063568115,5.691463470458984,5.7352294921875,5.790157794952393,5.8565521240234375,5.934720993041992,6.024985313415527,6.127676963806152,6.243139743804932,6.3717241287231445,6.51378059387207,6.669665336608887,6.839722633361816,7.024292469024658,7.223701000213623,7.438261985778809,7.668275833129883,7.914024829864502,8.17577838897705,8.453787803649902,8.748284339904785,9.05949592590332,9.38762092590332,9.732856750488281,10.095379829406738,10.475350379943848,10.872931480407715,11.288257598876953
6,8.452898025512695,8.06855583190918,7.702134132385254,7.353493690490723,7.022458553314209,6.708858966827393,6.4124979972839355,6.1331610679626465,5.870616912841797,5.624615669250488,5.394880771636963,5.181116104125977,4.982999801635742,4.800184726715088,4.632303237915039,4.478959083557129,4.339733123779297,4.214184284210205,4.10185432434082,4.002269268035889,3.914944887161255,3.8393971920013428,3.775146245956421,3.721727132797241,3.678701639175415,3.645667314529419,3.6222686767578125,3.6082077026367188,3.60325026512146,3.607231616973877,3.6200618743896484,3.641718864440918,3.6722469329833984,3.711740732192993,3.76033353805542,3.818173408508301,3.8853919506073,3.962073564529419,4.048206329345703,4.143627643585205,4.247958183288574,4.360511302947998,4.480204105377197,4.605437278747559,4.734002113342285,4.863016128540039,4.988935947418213,5.107736110687256,5.215290069580078,5.307925701141357,5.383080959320068,5.439817905426025,5.478990077972412,5.503006935119629,5.515273094177246,5.519562721252441,5.519505977630615,5.5182695388793945,5.518440246582031,5.522033214569092,5.530577182769775,5.545223236083984,5.566847324371338,5.596144199371338,5.633691310882568,5.680001258850098,5.735553741455078,5.800817489624023,5.876262664794922,5.96235990524292,6.0595855712890625,6.168416976928711,6.2893242835998535,6.422778129577637,6.569228172302246,6.729117393493652,6.902865886688232,7.0908732414245605,7.293524265289307,7.511174201965332,7.74416446685791,7.992807865142822,8.257396697998047,8.53821086883545,8.83549976348877,9.149507522583008,9.480447769165039,9.828523635864258,10.193929672241211,10.576834678649902
7,7.808467388153076,7.4544291496276855,7.1181135177612305,6.799339771270752,6.4979119300842285,6.213621139526367,5.946226596832275,5.695476531982422,5.461084365844727,5.242743968963623,5.040124416351318,4.8528547286987305,4.680546760559082,4.522770881652832,4.3790717124938965,4.24896764755249,4.13193941116333,4.027451038360596,3.9349381923675537,3.8538248538970947,3.783526659011841,3.7234559059143066,3.673038959503174,3.631720781326294,3.5989830493927,3.5743520259857178,3.557413339614868,3.547820568084717,3.545304775238037,3.5496792793273926,3.5608417987823486,3.5787713527679443,3.6035213470458984,3.6352081298828125,3.673994302749634,3.72006893157959,3.773622989654541,3.8348190784454346,3.9037582874298096,3.9804399013519287,4.064720153808594,4.156257152557373,4.254461288452148,4.358432292938232,4.4669060707092285,4.578218936920166,4.690291881561279,4.800680160522461,4.906699180603027,5.00563383102417,5.095035076141357,5.173038959503174,5.238644123077393,5.291850566864014,5.333614826202393,5.365651607513428,5.390141010284424,5.4094319343566895,5.42580509185791,5.4413228034973145,5.457763195037842,5.476618766784668,5.499124526977539,5.526311874389648,5.559054374694824,5.59812068939209,5.644206523895264,5.697962284088135,5.760012626647949,5.830965995788574,5.9114203453063965,6.001963138580322,6.103170871734619,6.215609073638916,6.3398237228393555,6.476346015930176,6.625681400299072,6.7883124351501465,6.964701175689697,7.155276775360107,7.360452651977539,7.580606460571289,7.816095352172852,8.067255973815918,8.334391593933105,8.617796897888184,8.917736053466797,9.234454154968262,9.568183898925781,9.9191312789917
8,7.215348720550537,6.891205787658691,6.5845441818237305,6.29515266418457,6.022799968719482,5.767233371734619,5.528170585632324,5.30530309677124,5.098290920257568,4.906764984130859,4.730321884155273,4.568521022796631,4.420888900756836,4.286915302276611,4.1660566329956055,4.057735919952393,3.9613454341888428,3.8762552738189697,3.801815986633301,3.7373669147491455,3.6822478771209717,3.635805130004883,3.59740948677063,3.5664615631103516,3.5424087047576904,3.5247552394866943,3.5130703449249268,3.5069997310638428,3.5062687397003174,3.5106875896453857,3.5201504230499268,3.5346312522888184,3.554180145263672,3.5789108276367188,3.6089906692504883,3.6446235179901123,3.6860337257385254,3.7334446907043457,3.7870564460754395,3.8470211029052734,3.913414716720581,3.9862072467803955,4.065230846405029,4.150144100189209,4.2403950691223145,4.33519172668457,4.433475017547607,4.533905029296875,4.634877681732178,4.7345685958862305,4.831032752990723,4.922342300415039,5.006765365600586,5.082953929901123,5.150101184844971,5.208037376403809,5.257222652435303,5.29866361618042,5.333762168884277,5.364142417907715,5.391496181488037,5.417466163635254,5.443569660186768,5.4711713790893555,5.501479148864746,5.535562038421631,5.574371814727783,5.618772506713867,5.669559001922607,5.727479457855225,5.793251037597656,5.867559432983398,5.9510722160339355,6.044435024261475,6.148271083831787,6.2631940841674805,6.389785289764404,6.528604030609131,6.680182933807373,6.845024585723877,7.023619174957275,7.216414451599121,7.4238386154174805,7.646283149719238,7.884114742279053,8.137693405151367,8.407334327697754,8.693339347839355,8.995977401733398,9.315494537353516
9,6.672757148742676,6.378047943115234,6.100533962249756,5.839967727661133,5.59607458114624,5.3685526847839355,5.157066345214844,4.961245536804199,4.780684471130371,4.61494255065918,4.463535785675049,4.3259429931640625,4.201602458953857,4.089913845062256,3.990243673324585,3.901926279067993,3.824270248413086,3.75656795501709,3.6981029510498047,3.6481614112854004,3.6060426235198975,3.5710713863372803,3.5426089763641357,3.520064115524292,3.502901554107666,3.4906506538391113,3.4829094409942627,3.4793500900268555,3.4797182083129883,3.4838359355926514,3.4915966987609863,3.5029664039611816,3.5179781913757324,3.536726236343384,3.559361457824707,3.586082935333252,3.61712908744812,3.652765989303589,3.6932740211486816,3.73893141746521,3.7899975776672363,3.8466920852661133,3.9091689586639404,3.9774930477142334,4.051608562469482,4.131308555603027,4.216203689575195,4.305689334869385,4.398921012878418,4.494799613952637,4.591975688934326,4.688881874084473,4.783801078796387,4.874983310699463,4.960780620574951,5.039819240570068,5.111144542694092,5.174333572387695,5.22952938079834,5.277400016784668,5.319035053253174,5.355806827545166,5.389225482940674,5.420825958251953,5.452077865600586,5.484342098236084,5.518853187561035,5.556722164154053,5.598952293395996,5.646458625793457,5.70008659362793,5.760627746582031,5.828835964202881,5.905435562133789,5.991121292114258,6.086565017700195,6.192418098449707,6.3093037605285645,6.437833309173584,6.578581809997559,6.732099533081055,6.8989129066467285,7.079512119293213,7.274377346038818,7.483946323394775,7.708625793457031,7.948803424835205,8.204828262329102,8.477048873901367,8.765767097473145
10,6.179811000823975,5.914013862609863,5.665071487426758,5.432688236236572,5.216540813446045,5.0162672996521,4.831467628479004,4.661702632904053,4.506489276885986,4.3653035163879395,4.237574577331543,4.122690200805664,4.019996166229248,3.9288012981414795,3.848385810852051,3.778003692626953,3.7168970108032227,3.664304733276367,3.619474411010742,3.5816781520843506,3.5502195358276367,3.5244486331939697,3.5037682056427,3.4876415729522705,3.475595235824585,3.46722149848938,3.462177038192749,3.460181474685669,3.46101450920105,3.4645161628723145,3.4705822467803955,3.4791667461395264,3.490281581878662,3.5039966106414795,3.520441770553589,3.5398049354553223,3.5623297691345215,3.588310956954956,3.618086338043213,3.652024984359741,3.6905126571655273,3.7339346408843994,3.7826552391052246,3.836993932723999,3.897198438644409,3.9634172916412354,4.035670280456543,4.113812446594238,4.197509288787842,4.286195278167725,4.3790602684021,4.4750261306762695,4.572755813598633,4.670686721801758,4.767095565795898,4.860209941864014,4.9483466148376465,5.030076503753662,5.1043782234191895,5.170746803283691,5.229240894317627,5.2804460525512695,5.325379371643066,5.365355491638184,5.4018473625183105,5.436365604400635,5.470371246337891,5.505227565765381,5.542178630828857,5.5823493003845215,5.626758098602295,5.676335334777832,5.731940269470215,5.7943806648254395,5.8644208908081055,5.94279670715332,6.030214786529541,6.127358913421631,6.234895706176758,6.353464603424072,6.483686923980713,6.626156806945801,6.7814435958862305,6.9500932693481445,7.132616996765137,7.329504013061523,7.5412092208862305,7.76815938949585,8.010754585266113,8.26935863494873
11,5.735531330108643,5.498048305511475,5.277006149291992,5.072059631347656,4.882819175720215,4.708854675292969,4.5496931076049805,4.404809474945068,4.273636341094971,4.155555725097656,4.049901485443115,3.955967426300049,3.8730061054229736,3.8002431392669678,3.7368834018707275,3.6821227073669434,3.6351635456085205,3.5952277183532715,3.5615713596343994,3.5334954261779785,3.510357618331909,3.4915785789489746,3.47664475440979,3.46510910987854,3.4565868377685547,3.450751781463623,3.4473297595977783,3.446091890335083,3.446855306625366,3.449476480484009,3.4538557529449463,3.4599382877349854,3.4677231311798096,3.4772636890411377,3.488677740097046,3.502148389816284,3.5179247856140137,3.5363199710845947,3.557704210281372,3.5824925899505615,3.611133575439453,3.6440908908843994,3.6818251609802246,3.7247748374938965,3.7733335494995117,3.827828884124756,3.888500452041626,3.9554696083068848,4.028720378875732,4.108062267303467,4.193112373352051,4.283257961273193,4.377640247344971,4.475144863128662,4.574400901794434,4.673827171325684,4.771688938140869,4.866213321685791,4.955731391906738,5.038829326629639,5.114505290985107,5.182273864746094,5.242202281951904,5.294882774353027,5.3413310050964355,5.382855415344238,5.420920372009277,5.457026958465576,5.492630958557129,5.529088020324707,5.567638397216797,5.609402656555176,5.655393600463867,5.706538677215576,5.763692855834961,5.827661514282227,5.899208068847656,5.979067802429199,6.0679545402526855,6.166560173034668,6.275564193725586,6.395622253417969,6.527371883392334,6.671430587768555,6.828388690948486,6.998812198638916,7.183237552642822,7.382167816162109,7.5960798263549805,7.825411796569824
12,5.338816165924072,5.128945350646973,4.93502140045166,4.756626605987549,4.593301296234131,4.444535732269287,4.309764385223389,4.188375949859619,4.0796990394592285,3.983017921447754,3.8975722789764404,3.8225581645965576,3.7571511268615723,3.700505256652832,3.6517786979675293,3.6101438999176025,3.5748045444488525,3.545013666152954,3.520080804824829,3.49938702583313,3.4823856353759766,3.468602418899536,3.4576332569122314,3.4491353034973145,3.4428186416625977,3.438436508178711,3.4357783794403076,3.4346625804901123,3.4349358081817627,3.436474561691284,3.4391868114471436,3.4430224895477295,3.4479801654815674,3.454115152359009,3.461547613143921,3.4704651832580566,3.48112416267395,3.4938433170318604,3.508998155593872,3.5270073413848877,3.5483198165893555,3.5734002590179443,3.6027133464813232,3.636709451675415,3.675811529159546,3.720399856567383,3.770800828933716,3.827268362045288,3.889970064163208,3.9589641094207764,4.034178256988525,4.115380764007568,4.202154636383057,4.293869495391846,4.389655590057373,4.488395690917969,4.588724136352539,4.689065933227539,4.787703990936279,4.8828840255737305,4.97296142578125,5.056551456451416,5.132682800292969,5.200904369354248,5.261314868927002,5.314533710479736,5.361598968505859,5.403833866119385,5.442711353302002,5.479733467102051,5.516352653503418,5.553915977478027,5.5936479568481445,5.636652946472168,5.683926582336426,5.736377716064453,5.794844627380371,5.860118865966797,5.932959079742432,6.014096736907959,6.104252815246582,6.204132080078125,6.314426422119141,6.435821056365967,6.568973064422607,6.714530944824219,6.873112678527832,7.045305252075195,7.2316718101501465,7.432735443115234
13,4.98840856552124,4.805325984954834,4.63758659362793,4.484696388244629,4.346108436584473,4.221218585968018,4.109365463256836,4.009829998016357,3.921841859817505,3.844583749771118,3.7772021293640137,3.7188167572021484,3.6685409545898438,3.6254966259002686,3.5888335704803467,3.5577478408813477,3.5314972400665283,3.5094149112701416,3.4909136295318604,3.4754912853240967,3.46272349357605,3.4522578716278076,3.4438021183013916,3.4371118545532227,3.431978225708008,3.4282214641571045,3.42568039894104,3.4242117404937744,3.4236927032470703,3.4240214824676514,3.4251277446746826,3.426980972290039,3.4295969009399414,3.4330477714538574,3.4374659061431885,3.4430465698242188,3.4500443935394287,3.458767890930176,3.4695687294006348,3.4828314781188965,3.49895977973938,3.518364667892456,3.5414540767669678,3.568624258041382,3.6002533435821533,3.636698007583618,3.6782867908477783,3.7253150939941406,3.7780396938323975,3.8366637229919434,3.901324510574341,3.972067356109619,4.048821926116943,4.131373882293701,4.219324588775635,4.312066555023193,4.408749103546143,4.508265495300293,4.609259605407715,4.710153579711914,4.809226989746094,4.904720783233643,4.99498987197876,5.078664302825928,5.154797077178955,5.222973823547363,5.283342361450195,5.336569309234619,5.383740425109863,5.426215171813965,5.465489387512207,5.5030741691589355,5.5404157638549805,5.578845500946045,5.619562149047852,5.663640022277832,5.712041854858398,5.7656450271606445,5.825265884399414,5.891677379608154,5.965630054473877,6.0478596687316895,6.139098167419434,6.240072727203369,6.351503372192383,6.474104881286621,6.608572959899902,6.755584716796875,6.915791988372803,7.089810848236084
14,4.682859420776367,4.525579929351807,4.382913112640381,4.254278659820557,4.139026165008545,4.036447048187256,3.9457733631134033,3.866176128387451,3.796786069869995,3.736694812774658,3.68497371673584,3.6406960487365723,3.6029536724090576,3.570882558822632,3.5436789989471436,3.520617961883545,3.5010645389556885,3.48447585105896,3.4704020023345947,3.4584755897521973,3.4484002590179443,3.4399373531341553,3.4328887462615967,3.4270875453948975,3.422386646270752,3.4186530113220215,3.4157660007476807,3.413618326187134,3.4121205806732178,3.4112086296081543,3.41084623336792,3.4110374450683594,3.411827325820923,3.4133098125457764,3.4156277179718018,3.4189720153808594,3.4235777854919434,3.429717540740967,3.4376938343048096,3.4478275775909424,3.460449457168579,3.4758918285369873,3.494481086730957,3.5165350437164307,3.5423595905303955,3.5722525119781494,3.6065022945404053,3.6453921794891357,3.689199924468994,3.7381930351257324,3.7926223278045654,3.852705478668213,3.9186079502105713,3.990415096282959,4.068098545074463,4.151483535766602,4.240204334259033,4.3336710929870605,4.431042671203613,4.531203746795654,4.63277530670166,4.734150409698486,4.83357048034668,4.929251194000244,5.019530296325684,5.103043556213379,5.178877353668213,5.246670246124268,5.306640625,5.359532833099365,5.406498432159424,5.44895076751709,5.488412857055664,5.526403427124023,5.564354419708252,5.603564262390137,5.6451921463012695,5.690262794494629,5.739697456359863,5.794332981109619,5.854958534240723,5.92233419418335,5.997208118438721,6.080331802368164,6.172461032867432,6.274359226226807,6.3867878913879395,6.510499954223633,6.646237850189209,6.794714450836182
15,4.42047643661499,4.287818431854248,4.168900966644287,4.0630316734313965,3.9694535732269287,3.8873441219329834,3.8158223628997803,3.7539610862731934,3.7007994651794434,3.655364513397217,3.616692543029785,3.5838534832000732,3.5559751987457275,3.5322659015655518,3.512028217315674,3.4946694374084473,3.479701042175293,3.466732978820801,3.4554595947265625,3.445643901824951,3.437098503112793,3.4296724796295166,3.4232356548309326,3.4176719188690186,3.4128754138946533,3.4087510108947754,3.4052159786224365,3.4022045135498047,3.399674415588379,3.3976082801818848,3.396019697189331,3.3949522972106934,3.3944826126098633,3.3947181701660156,3.3957958221435547,3.3978800773620605,3.401160478591919,3.4058470726013184,3.412168025970459,3.420362710952759,3.430680274963379,3.4433717727661133,3.458688497543335,3.4768779277801514,3.4981839656829834,3.5228488445281982,3.5511136054992676,3.583225965499878,3.619442939758301,3.6600341796875,3.7052817344665527,3.755474805831909,3.8108983039855957,3.871814727783203,3.938436269760132,4.010897159576416,4.089211463928223,4.173232555389404,4.262616157531738,4.356773376464844,4.454845905303955,4.55568790435791,4.657871246337891,4.759736061096191,4.859469413757324,4.9552435874938965,5.0453782081604,5.1285200119018555,5.203805446624756,5.270951747894287,5.3302741050720215,5.3826165199279785,5.429213523864746,5.47153377532959,5.51112699508667,5.549505233764648,5.588065147399902,5.628055095672607,5.670572280883789,5.716583251953125,5.766952991485596,5.822481155395508,5.883932590484619,5.95206356048584,6.027638912200928,6.111441135406494,6.204268932342529,6.30693244934082,6.420250415802002,6.54502534866333
16,4.19926118850708,4.089818000793457,3.9930665493011475,3.9082024097442627,3.8343489170074463,3.770568370819092,3.71588134765625,3.669273853302002,3.6297314167022705,3.596259355545044,3.567910671234131,3.5438172817230225,3.5232067108154297,3.505420207977295,3.4899182319641113,3.4762749671936035,3.464167594909668,3.453355550765991,3.443662166595459,3.434952735900879,3.427116870880127,3.420058012008667,3.413686990737915,3.4079198837280273,3.402684450149536,3.397920608520508,3.3935914039611816,3.3896822929382324,3.3862075805664062,3.3832075595855713,3.380744695663452,3.3789010047912598,3.3777706623077393,3.3774564266204834,3.378066301345825,3.3797123432159424,3.382512331008911,3.386591672897339,3.392087697982788,3.3991522789001465,3.4079527854919434,3.4186737537384033,3.431511402130127,3.4466724395751953,3.4643685817718506,3.484813690185547,3.5082218647003174,3.5348079204559326,3.5647950172424316,3.598414897918701,3.6359212398529053,3.6775894165039062,3.72371768951416,3.7746269702911377,3.830639362335205,3.892063617706299,3.9591598510742188,4.032104969024658,4.110950469970703,4.1955742835998535,4.2856364250183105,4.380537033081055,4.47938346862793,4.580977439880371,4.683823585510254,4.786190032958984,4.886194229125977,4.981959819793701,5.071791172027588,5.1543660163879395,5.228891372680664,5.295193672180176,5.353711128234863,5.4054036140441895,5.451594352722168,5.493802547454834,5.533584117889404,5.572420120239258,5.611650466918945,5.652447700500488,5.695833683013916,5.742702960968018,5.7938666343688965,5.850092887878418,5.91213846206665,5.980775356292725,6.0568060874938965,6.141061782836914,6.2344069480896,6.337716102600098
17,4.0168633460998535,3.928955078125,3.8525052070617676,3.78658390045166,3.730198860168457,3.6823158264160156,3.6418731212615967,3.6078178882598877,3.5791289806365967,3.5548524856567383,3.534130811691284,3.5162227153778076,3.5005176067352295,3.4865386486053467,3.4739294052124023,3.462440252304077,3.451899290084839,3.4421913623809814,3.4332311153411865,3.4249484539031982,3.4172751903533936,3.4101438522338867,3.403488874435425,3.3972535133361816,3.3913984298706055,3.3859081268310547,3.380798816680908,3.376115322113037,3.3719308376312256,3.368338108062744,3.3654398918151855,3.3633384704589844,3.362125873565674,3.361877679824829,3.3626508712768555,3.364485025405884,3.3674099445343018,3.3714561462402344,3.3766651153564453,3.3831024169921875,3.390864133834839,3.400082588195801,3.410923719406128,3.4235823154449463,3.4382712841033936,3.4552106857299805,3.4746181964874268,3.4967010021209717,3.5216567516326904,3.5496737957000732,3.5809452533721924,3.6156790256500244,3.654111385345459,3.696516752243042,3.743210792541504,3.794546604156494,3.8508942127227783,3.912616491317749,3.9800312519073486,4.053365230560303,4.132707118988037,4.217953205108643,4.30875825881958,4.404495716094971,4.504217624664307,4.606651782989502,4.710215091705322,4.813080310821533,4.913292407989502,5.008925914764404,5.098287105560303,5.18010950088501,5.253705024719238,5.319039821624756,5.376694202423096,5.4277520179748535,5.473614692687988,5.515830039978027,5.555932998657227,5.595341682434082,5.635311126708984,5.676921844482422,5.721103668212891,5.768683433532715,5.820426940917969,5.87708854675293,5.9394426345825195,6.008301734924316,6.084529876708984,6.169033050537109
18,3.87050724029541,3.802158832550049,3.743833541870117,3.694483757019043,3.653021812438965,3.6183440685272217,3.5893609523773193,3.5650341510772705,3.5444090366363525,3.52664852142334,3.511052131652832,3.4970672130584717,3.4842865467071533,3.4724314212799072,3.461326837539673,3.4508731365203857,3.4410152435302734,3.4317171573638916,3.4229464530944824,3.414660930633545,3.406810998916626,3.399346351623535,3.392221450805664,3.3854117393493652,3.3789186477661133,3.3727798461914062,3.3670661449432373,3.3618791103363037,3.357340097427368,3.3535778522491455,3.350713014602661,3.3488450050354004,3.348041296005249,3.3483316898345947,3.349708318710327,3.3521320819854736,3.355544328689575,3.35988450050354,3.365107536315918,3.371201753616333,3.378204345703125,3.3862087726593018,3.395364999771118,3.405872106552124,3.4179646968841553,3.431894302368164,3.4479095935821533,3.466240167617798,3.4870853424072266,3.5106112957000732,3.5369575023651123,3.5662519931793213,3.5986297130584717,3.63425874710083,3.6733579635620117,3.7162117958068848,3.763172149658203,3.814648389816284,3.8710837364196777,3.932915449142456,4.000530242919922,4.0742106437683105,4.1540751457214355,4.24002742767334,4.331699371337891,4.428410053253174,4.529132843017578,4.632493495941162,4.736804485321045,4.840135097503662,4.940455436706543,5.03580904006958,5.12453031539917,5.205445766448975,5.2780070304870605,5.342343330383301,5.39918851852417,5.449735641479492,5.495443344116211,5.537851333618164,5.578437328338623,5.618526935577393,5.659263610839844,5.701620578765869,5.746441841125488,5.794493675231934,5.846522331237793,5.903293132781982,5.965628147125244,6.034412384033203
19,3.7569527626037598,3.705873489379883,3.6631851196289062,3.6277523040771484,3.5984294414520264,3.5740981101989746,3.5537097454071045,3.5363171100616455,3.5211143493652344,3.5074503421783447,3.494837999343872,3.48294734954834,3.4715797901153564,3.460639715194702,3.4500985145568848,3.439960479736328,3.4302384853363037,3.4209344387054443,3.41203236579895,3.4034996032714844,3.3952972888946533,3.3873915672302246,3.379765510559082,3.37243390083313,3.3654470443725586,3.3588924407958984,3.3528897762298584,3.34757924079895,3.343109130859375,3.339616298675537,3.3372130393981934,3.3359735012054443,3.3359227180480957,3.337036371231079,3.3392422199249268,3.342430591583252,3.3464698791503906,3.351226329803467,3.356588125228882,3.362483501434326,3.368903398513794,3.375908374786377,3.383634090423584,3.3922853469848633,3.402117967605591,3.413419485092163,3.4264824390411377,3.4415791034698486,3.4589426517486572,3.4787514209747314,3.501128673553467,3.5261499881744385,3.5538628101348877,3.5843141078948975,3.6175835132598877,3.653813600540161,3.6932334899902344,3.7361721992492676,3.783055305480957,3.834380626678467,3.8906874656677246,3.9525012969970703,4.020279407501221,4.094350337982178,4.1748480796813965,4.261660099029541,4.35436487197876,4.4522013664245605,4.554039001464844,4.658385276794434,4.76343297958374,4.867151260375977,4.967447757720947,5.0623650550842285,5.150304317474365,5.230221271514893,5.301737308502197,5.3651533126831055,5.42134952545166,5.471601486206055,5.517385482788086,5.560191631317139,5.601401329040527,5.642218589782715,5.683662414550781,5.72659969329834,5.771797180175781,5.81998872756958,5.87192964553833,5.928438663482666
20,3.67246675491333,3.6360561847686768,3.6062495708465576,3.581864595413208,3.561762571334839,3.5448896884918213,3.5303189754486084,3.5172812938690186,3.5051844120025635,3.4936158657073975,3.4823250770568848,3.471198558807373,3.460218906402588,3.449427843093872,3.4388885498046875,3.428659200668335,3.4187772274017334,3.4092488288879395,3.40006160736084,3.3911871910095215,3.382601022720337,3.3742947578430176,3.3662898540496826,3.3586432933807373,3.351449489593506,3.344834804534912,3.3389458656311035,3.3339364528656006,3.3299505710601807,3.3271074295043945,3.3254871368408203,3.3251214027404785,3.3259875774383545,3.328010320663452,3.331066608428955,3.3349971771240234,3.3396241664886475,3.34476900100708,3.350278854370117,3.35604190826416,3.362013816833496,3.368224859237671,3.374788522720337,3.381899356842041,3.389817476272583,3.3988513946533203,3.4093284606933594,3.4215688705444336,3.435857057571411,3.452418565750122,3.471407175064087,3.492899179458618,3.5169050693511963,3.5433905124664307,3.5723094940185547,3.6036441326141357,3.637444257736206,3.67386531829834,3.713189125061035,3.755829334259033,3.802316665649414,3.8532638549804688,3.9093148708343506,3.971083402633667,4.039085865020752,4.113677978515625,4.194983005523682,4.282838821411133,4.37675142288208,4.4758501052856445,4.578883171081543,4.684228420257568,4.789955139160156,4.893951416015625,4.9940876960754395,5.088442325592041,5.175522804260254,5.25444221496582,5.325009822845459,5.387692928314209,5.44348669052124,5.493711471557617,5.539811134338379,5.583186149597168,5.625087261199951,5.666579246520996,5.708554267883301,5.75178337097168,5.796988010406494,5.844902992248535
21,3.6128437519073486,3.588251829147339,3.5683844089508057,3.5520880222320557,3.5383143424987793,3.52616286277771,3.5149128437042236,3.504038095474243,3.49320387840271,3.482245922088623,3.4711339473724365,3.4599294662475586,3.448741912841797,3.437690258026123,3.426877498626709,3.4163732528686523,3.406209707260132,3.396390914916992,3.38690185546875,3.37772798538208,3.368868350982666,3.3603482246398926,3.352226972579956,3.344597816467285,3.337583065032959,3.3313238620758057,3.3259658813476562,3.3216466903686523,3.3184804916381836,3.316545009613037,3.315875291824341,3.3164565563201904,3.3182241916656494,3.32106614112854,3.324831008911133,3.3293397426605225,3.334397315979004,3.339813709259033,3.3454174995422363,3.351081132888794,3.3567304611206055,3.362366199493408,3.368067979812622,3.373997926712036,3.3803930282592773,3.3875532150268555,3.3958170413970947,3.405536651611328,3.4170472621917725,3.430638551712036,3.446530818939209,3.464857339859009,3.485658645629883,3.5088906288146973,3.534444570541382,3.5621836185455322,3.5919878482818604,3.6238033771514893,3.657691478729248,3.6938586235046387,3.7326810359954834,3.7746896743774414,3.8205442428588867,3.8709819316864014,3.926751136779785,3.9885408878326416,4.056906223297119,4.132200241088867,4.214510440826416,4.3036017417907715,4.398875713348389,4.49934196472168,4.603607654571533,4.70992374420166,4.816252708435059,4.9204182624816895,5.020290851593018,5.114019870758057,5.200253486633301,5.278284549713135,5.3481035232543945,5.410321235656738,5.466005325317383,5.516471862792969,5.563084602355957,5.607115745544434,5.64966344833374,5.691647052764893,5.733844757080078,5.776960849761963
22,3.5734925270080566,3.557720422744751,3.544809579849243,3.533726453781128,3.523606061935425,3.5137839317321777,3.5038063526153564,3.493421792984009,3.4825520515441895,3.4712507724761963,3.45965576171875,3.4479410648345947,3.4362802505493164,3.424816608428955,3.413652181625366,3.4028449058532715,3.39241623878479,3.382366418838501,3.372690200805664,3.363393783569336,3.3545053005218506,3.3460819721221924,3.338210344314575,3.3310012817382812,3.3245797157287598,3.31907320022583,3.3145997524261475,3.3112549781799316,3.309105157852173,3.308177947998047,3.3084609508514404,3.309901475906372,3.3124070167541504,3.315852642059326,3.3200838565826416,3.324930191040039,3.3302104473114014,3.335745334625244,3.341372013092041,3.346956729888916,3.3524088859558105,3.3576955795288086,3.362852096557617,3.3679873943328857,3.37328839302063,3.379014492034912,3.385481595993042,3.3930447101593018,3.4020705223083496,3.4129083156585693,3.42585825920105,3.4411449432373047,3.4588959217071533,3.4791324138641357,3.5017688274383545,3.5266363620758057,3.553513765335083,3.582176923751831,3.6124579906463623,3.6443026065826416,3.6778194904327393,3.713311195373535,3.7512781620025635,3.7923965454101562,3.8374691009521484,3.887356996536255,3.942901134490967,4.004845142364502,4.073757171630859,4.149960517883301,4.2334794998168945,4.323980808258057,4.420745372772217,4.522647857666016,4.6281585693359375,4.735405921936035,4.842266082763672,4.946523666381836,5.046089172363281,5.139217853546143,5.22471809387207,5.302065849304199,5.3714118003845215,5.433472633361816,5.489336967468262,5.540265083312988,5.587498188018799,5.632150173187256,5.675159931182861,5.717310428619385
23,3.549605131149292,3.539666175842285,3.5308759212493896,3.5224149227142334,3.513681411743164,3.5042996406555176,3.49410343170166,3.4831018447875977,3.4714300632476807,3.459299325942993,3.4469447135925293,3.4345901012420654,3.4224202632904053,3.410566806793213,3.3991129398345947,3.388099193572998,3.3775408267974854,3.3674428462982178,3.3578174114227295,3.348694324493408,3.340125560760498,3.332186460494995,3.3249707221984863,3.318580389022827,3.3131163120269775,3.3086678981781006,3.3053040504455566,3.303067207336426,3.301969051361084,3.301990270614624,3.3030829429626465,3.305171489715576,3.3081586360931396,3.3119282722473145,3.316349983215332,3.3212814331054688,3.3265771865844727,3.3320884704589844,3.3376736640930176,3.3432044982910156,3.3485782146453857,3.353729009628296,3.358639717102051,3.3633570671081543,3.3679957389831543,3.3727478981018066,3.377875804901123,3.3837037086486816,3.3905982971191406,3.3989429473876953,3.4091057777404785,3.4214096069335938,3.436096668243408,3.4533047676086426,3.473050594329834,3.4952268600463867,3.5196149349212646,3.5459177494049072,3.573810338973999,3.603001832962036,3.6333067417144775,3.664708375930786,3.6974048614501953,3.7318320274353027,3.768648386001587,3.8086929321289062,3.8529136180877686,3.9022867679595947,3.9577279090881348,4.020007610321045,4.089679718017578,4.1670122146606445,4.251936435699463,4.344007968902588,4.442371845245361,4.545763969421387,4.652525424957275,4.760672092437744,4.868021011352539,4.972354412078857,5.07165002822876,5.1642937660217285,5.249261856079102,5.32620096206665,5.395387649536133,5.457592964172363,5.513876914978027,5.565391540527344,5.613224983215332,5.658317565917969
24,3.5364022254943848,3.52952241897583,3.522367238998413,3.5144054889678955,3.505342483520508,3.4950990676879883,3.483769416809082,3.4715683460235596,3.458775758743286,3.445686101913452,3.432569980621338,3.419649839401245,3.4070889949798584,3.394993782043457,3.383424997329712,3.3724124431610107,3.361971378326416,3.352119207382202,3.342883586883545,3.3343093395233154,3.3264565467834473,3.319397449493408,3.313206672668457,3.3079538345336914,3.303694486618042,3.300464391708374,3.298275947570801,3.297117233276367,3.2969539165496826,3.297734498977661,3.2993922233581543,3.301851987838745,3.3050308227539062,3.3088433742523193,3.313197612762451,3.3179991245269775,3.3231449127197266,3.328526258468628,3.3340280055999756,3.339533567428589,3.3449301719665527,3.3501229286193848,3.355043888092041,3.359671115875244,3.3640408515930176,3.3682608604431152,3.3725168704986572,3.377073287963867,3.3822622299194336,3.3884663581848145,3.3960928916931152,3.4055378437042236,3.4171557426452637,3.431218385696411,3.4478867053985596,3.4671881198883057,3.4890058040618896,3.513087034225464,3.539069890975952,3.5665323734283447,3.595060110092163,3.6243228912353516,3.65415620803833,3.6846251487731934,3.716063976287842,3.7490792274475098,3.7845115661621094,3.8233704566955566,3.866745948791504,3.9157097339630127,3.9712250232696533,4.034063339233398,4.104729652404785,4.183414936065674,4.26993989944458,4.3637309074401855,4.463796138763428,4.568730354309082,4.6767578125,4.785805702209473,4.893654823303223,4.998116493225098,5.097257137298584,5.189609527587891,5.274311065673828,5.351149082183838,5.4204840660095215,5.483083724975586,5.5399298667907715,5.592028617858887
25,3.5294339656829834,3.5232527256011963,3.5157690048217773,3.506772756576538,3.4962711334228516,3.4844415187835693,3.4715747833251953,3.458015203475952,3.4441120624542236,3.4301817417144775,3.4164822101593018,3.4032063484191895,3.3904857635498047,3.378399610519409,3.3669915199279785,3.3562870025634766,3.3463053703308105,3.3370702266693115,3.3286149501800537,3.320981502532959,3.3142168521881104,3.3083655834198,3.3034632205963135,3.299529552459717,3.296565055847168,3.2945494651794434,3.293443202972412,3.2931931018829346,3.2937355041503906,3.2950057983398438,3.296940326690674,3.2994837760925293,3.3025856018066406,3.3062028884887695,3.3102927207946777,3.314810276031494,3.3196980953216553,3.3248870372772217,3.3302886486053467,3.3357975482940674,3.3412954807281494,3.34666109085083,3.3517820835113525,3.3565735816955566,3.360994338989258,3.365065813064575,3.3688864707946777,3.3726401329040527,3.376596450805664,3.3811025619506836,3.3865628242492676,3.393413543701172,3.402086019515991,3.412971258163452,3.426377296447754,3.442497730255127,3.4613804817199707,3.4829132556915283,3.5068230628967285,3.5326976776123047,3.5600292682647705,3.5882813930511475,3.6169753074645996,3.645782232284546,3.6746058464050293,3.7036454677581787,3.7334160804748535,3.7647252082824707,3.798612356185913,3.836256742477417,3.878871202468872,3.927598237991333,3.9834158420562744,4.0470662117004395,4.118982791900635,4.199253082275391,4.287574291229248,4.38323450088501,4.485104560852051,4.591648101806641,4.700985431671143,4.81097936630249,4.919397354125977,5.024104595184326,5.123276233673096,5.215588092803955,5.300319194793701,5.37735652923584,5.447094917297363,5.510250091552734
26,3.5248749256134033,3.5176010131835938,3.5084447860717773,3.4974985122680664,3.485020160675049,3.4713714122772217,3.4569590091705322,3.4421823024749756,3.4273998737335205,3.41290545463562,3.398921012878418,3.385601043701172,3.3730432987213135,3.361304998397827,3.3504183292388916,3.3404016494750977,3.3312721252441406,3.323046922683716,3.315746545791626,3.309390068054199,3.3039896488189697,3.299546241760254,3.2960433959960938,3.293447494506836,3.291705846786499,3.2907519340515137,3.2905101776123047,3.2909040451049805,3.2918636798858643,3.293330192565918,3.295264482498169,3.2976417541503906,3.3004565238952637,3.3037109375,3.307412624359131,3.3115615844726562,3.3161425590515137,3.3211183547973633,3.3264222145080566,3.3319592475891113,3.3376073837280273,3.3432250022888184,3.348665475845337,3.353790760040283,3.3584938049316406,3.3627161979675293,3.3664708137512207,3.3698527812957764,3.3730521202087402,3.3763508796691895,3.380115509033203,3.384777069091797,3.3908016681671143,3.3986573219299316,3.4087717533111572,3.421494245529175,3.4370529651641846,3.455526828765869,3.4768197536468506,3.5006532669067383,3.5265820026397705,3.5540268421173096,3.5823416709899902,3.610901117324829,3.63919997215271,3.6669607162475586,3.6942129135131836,3.721341609954834,3.749081611633301,3.7784667015075684,3.8107380867004395,3.8472275733947754,3.8892452716827393,3.937971830368042,3.9943697452545166,4.059118747711182,4.132558345794678,4.214654445648193,4.304973125457764,4.402660369873047,4.5064520835876465,4.614696502685547,4.725420951843262,4.836450099945068,4.94556188583374,5.050690650939941,5.150125980377197,5.242671966552734,5.32772159576416,5.40521764755249
27,3.5197432041168213,3.5102250576019287,3.498671770095825,3.4854178428649902,3.4708921909332275,3.4555585384368896,3.4398653507232666,3.4242103099823,3.4089202880859375,3.3942456245422363,3.380363941192627,3.3673899173736572,3.3553922176361084,3.3444061279296875,3.3344473838806152,3.3255205154418945,3.317625045776367,3.3107547760009766,3.3048980236053467,3.300034284591675,3.296128749847412,3.2931315898895264,3.290976047515869,3.289580821990967,3.2888548374176025,3.2887024879455566,3.289033889770508,3.2897703647613525,3.2908544540405273,3.2922520637512207,3.293957233428955,3.295987844467163,3.2983803749084473,3.301182985305786,3.3044445514678955,3.3082027435302734,3.312473773956299,3.317244529724121,3.322464942932129,3.328047037124634,3.3338656425476074,3.3397676944732666,3.345580816268921,3.3511297702789307,3.356255292892456,3.360835075378418,3.3648035526275635,3.368173599243164,3.371047019958496,3.373626708984375,3.376211643218994,3.3791894912719727,3.3830161094665527,3.388186454772949,3.395200490951538,3.404522180557251,3.416538953781128,3.431518316268921,3.449575662612915,3.470642566680908,3.4944519996643066,3.520542621612549,3.548285722732544,3.576942205429077,3.6057469844818115,3.6340205669403076,3.6612844467163086,3.6873703002929688,3.712493896484375,3.737274646759033,3.7627012729644775,3.790041446685791,3.8207249641418457,3.856213331222534,3.897879123687744,3.946904420852661,4.0042033195495605,4.0703654289245605,4.145617961883545,4.229793071746826,4.322317600250244,4.422200679779053,4.528048515319824,4.6381072998046875,4.7503342628479,4.862530708312988,4.972506999969482,5.07827091217041,5.178225040435791,5.271279811859131
28,3.5119946002960205,3.499695062637329,3.485560417175293,3.4700827598571777,3.4537792205810547,3.437142848968506,3.420609951019287,3.404538631439209,3.3892064094543457,3.3748111724853516,3.3614840507507324,3.34930157661438,3.3383007049560547,3.328488826751709,3.3198559284210205,3.3123772144317627,3.306018352508545,3.3007349967956543,3.296471357345581,3.293158531188965,3.2907142639160156,3.2890424728393555,3.2880380153656006,3.2875890731811523,3.2875847816467285,3.2879221439361572,3.288517951965332,3.2893099784851074,3.2902674674987793,3.291390895843506,3.292713165283203,3.294292449951172,3.2962045669555664,3.298534631729126,3.301362991333008,3.304753303527832,3.308743953704834,3.313335418701172,3.3184895515441895,3.3241219520568848,3.330108880996704,3.3362886905670166,3.342475414276123,3.3484699726104736,3.3540782928466797,3.3591296672821045,3.363499164581299,3.3671257495880127,3.370029926300049,3.3723275661468506,3.3742361068725586,3.3760733604431152,3.3782448768615723,3.381227493286133,3.3855390548706055,3.3917064666748047,3.4002249240875244,3.411517858505249,3.4258949756622314,3.443511724472046,3.4643375873565674,3.4881327152252197,3.5144405364990234,3.542604446411133,3.5718138217926025,3.6011831760406494,3.6298611164093018,3.657163143157959,3.6826982498168945,3.706474781036377,3.7289533615112305,3.751030206680298,3.773963451385498,3.7992501258850098,3.8284850120544434,3.8632233142852783,3.9048590660095215,3.954538106918335,4.013096332550049,4.0810112953186035,4.158379554748535,4.244895935058594,4.33984375,4.44210147857666,4.550158500671387,4.662170886993408,4.776045322418213,4.889575004577637,5.000613212585449,5.107247829437256
29,3.500483751296997,3.4853837490081787,3.468898057937622,3.4515936374664307,3.4340057373046875,3.4166057109832764,3.3997817039489746,3.383836030960083,3.3689863681793213,3.3553762435913086,3.343088388442993,3.33215594291687,3.3225762844085693,3.314318895339966,3.3073337078094482,3.3015542030334473,3.296900749206543,3.2932820320129395,3.290595769882202,3.2887299060821533,3.287562370300293,3.286968231201172,3.286820411682129,3.2869973182678223,3.2873899936676025,3.2879090309143066,3.2884914875030518,3.2891054153442383,3.2897543907165527,3.290475845336914,3.2913384437561035,3.2924349308013916,3.293872356414795,3.2957608699798584,3.298201560974121,3.3012747764587402,3.3050289154052734,3.309473991394043,3.314575433731079,3.32025408744812,3.3263862133026123,3.3328094482421875,3.3393325805664062,3.345745086669922,3.3518335819244385,3.3573973178863525,3.36226749420166,3.366326093673706,3.369523525238037,3.3718950748443604,3.37357234954834,3.374786853790283,3.375870704650879,3.3772435188293457,3.379396438598633,3.3828635215759277,3.3881924152374268,3.3959052562713623,3.406459093093872,3.420203685760498,3.43734073638916,3.457885980606079,3.481639862060547,3.5081703662872314,3.5368168354034424,3.566723585128784,3.596905469894409,3.626356363296509,3.6541848182678223,3.6797614097595215,3.702855110168457,3.7237205505371094,3.743114948272705,3.762240409851074,3.7826271057128906,3.8059792518615723,3.834019184112549,3.8683485984802246,3.910344362258911,3.96108078956604,4.021285533905029,4.091307640075684,4.171103000640869,4.260225772857666,4.357820510864258,4.462640762329102,4.5730743408203125,4.687198162078857,4.802886486053467,4.917939186096191
30,3.484835624694824,3.4673049449920654,3.448986768722534,3.430455207824707,3.412214517593384,3.394681215286255,3.3781793117523193,3.362942695617676,3.349125385284424,3.3368117809295654,3.3260293006896973,3.316760301589966,3.3089518547058105,3.3025243282318115,3.297377586364746,3.293395519256592,3.2904512882232666,3.288409948348999,3.287130832672119,3.286470413208008,3.2862870693206787,3.2864441871643066,3.2868154048919678,3.2872886657714844,3.2877755165100098,3.288212537765503,3.2885677814483643,3.2888450622558594,3.28908109664917,3.2893476486206055,3.2897424697875977,3.2903826236724854,3.291395902633667,3.2929069995880127,3.295027732849121,3.297844409942627,3.301410436630249,3.3057377338409424,3.310795545578003,3.3165056705474854,3.3227477073669434,3.3293628692626953,3.3361611366271973,3.3429322242736816,3.349454402923584,3.355513334274292,3.360912799835205,3.365495204925537,3.3691561222076416,3.3718619346618652,3.3736624717712402,3.374703884124756,3.3752291202545166,3.3755784034729004,3.376180410385132,3.377533435821533,3.3801825046539307,3.3846898078918457,3.391599178314209,3.401398181915283,3.4144768714904785,3.431084156036377,3.451289176940918,3.474945306777954,3.501661539077759,3.5307977199554443,3.56147837638855,3.5926482677459717,3.623168706893921,3.6519505977630615,3.6781210899353027,3.701184034347534,3.7211451530456543,3.73857045173645,3.7545571327209473,3.7706239223480225,3.788555145263672,3.81022310256958,3.8374290466308594,3.8717753887176514,3.9145777225494385,3.9668076038360596,4.029063701629639,4.1015543937683105,4.184089183807373,4.276082515716553,4.376549243927002,4.484126091003418,4.597109317779541,4.713517665863037
31,3.465280055999756,3.4459524154663086,3.426502227783203,3.407463312149048,3.389277219772339,3.372286319732666,3.356738567352295,3.3427937030792236,3.3305342197418213,3.3199784755706787,3.3110907077789307,3.30379319190979,3.2979745864868164,3.2934999465942383,3.2902166843414307,3.287963390350342,3.286572217941284,3.285876750946045,3.2857139110565186,3.2859301567077637,3.2863821983337402,3.286943197250366,3.287505626678467,3.2879834175109863,3.2883176803588867,3.288480281829834,3.288473606109619,3.288332462310791,3.288125514984131,3.287947654724121,3.287916898727417,3.288166046142578,3.2888317108154297,3.290044069290161,3.291916847229004,3.2945377826690674,3.2979583740234375,3.3021912574768066,3.307204246520996,3.3129239082336426,3.3192331790924072,3.3259799480438232,3.3329811096191406,3.3400325775146484,3.346916675567627,3.353415012359619,3.3593204021453857,3.364450454711914,3.3686623573303223,3.371868371963501,3.3740506172180176,3.375272512435913,3.3756885528564453,3.3755500316619873,3.3752007484436035,3.3750712871551514,3.3756628036499023,3.3775253295898438,3.3812317848205566,3.387342691421509,3.3963727951049805,3.408750057220459,3.4247727394104004,3.444566249847412,3.468045234680176,3.4948763847351074,3.5244593620300293,3.555927276611328,3.588186502456665,3.61999249458313,3.65008282661438,3.6773433685302734,3.700995922088623,3.7207632064819336,3.7369675636291504,3.7505435943603516,3.7629501819610596,3.7760117053985596,3.7917280197143555,3.812087297439575,3.838916778564453,3.8737690448760986,3.917862892150879,3.972040891647339,4.036757946014404,4.112074375152588,4.19765567779541,4.2927775382995605,4.396336078643799,4.506863117218018
32,3.442495346069336,3.4221677780151367,3.402387857437134,3.383617639541626,3.366215229034424,3.350437641143799,3.3364462852478027,3.3243184089660645,3.3140597343444824,3.305614471435547,3.298877239227295,3.293705463409424,3.289928436279297,3.287358522415161,3.285799503326416,3.2850539684295654,3.284930467605591,3.2852489948272705,3.2858452796936035,3.2865748405456543,3.2873120307922363,3.287957191467285,3.2884328365325928,3.288689136505127,3.2887020111083984,3.2884774208068848,3.28804874420166,3.287477970123291,3.2868545055389404,3.286288261413574,3.2859082221984863,3.285851001739502,3.2862548828125,3.287248134613037,3.2889416217803955,3.2914183139801025,3.294726848602295,3.298877477645874,3.303839683532715,3.3095407485961914,3.315871238708496,3.3226871490478516,3.3298163414001465,3.3370649814605713,3.3442258834838867,3.3510870933532715,3.3574399948120117,3.3630919456481934,3.3678770065307617,3.371668815612793,3.374394416809082,3.376049280166626,3.376706123352051,3.3765249252319336,3.3757596015930176,3.3747546672821045,3.3739378452301025,3.3738088607788086,3.374919891357422,3.37784743309021,3.3831677436828613,3.391418218612671,3.4030611515045166,3.418443202972412,3.4377479553222656,3.4609570503234863,3.4878053665161133,3.5177512168884277,3.54996395111084,3.5833399295806885,3.6165668964385986,3.648236036300659,3.6770095825195312,3.70182466506958,3.722090244293213,3.7378382682800293,3.7497806549072266,3.7592577934265137,3.768087863922119,3.7783660888671875,3.7922520637512207,3.811789035797119,3.838770866394043,3.8746628761291504,3.9205522537231445,3.9771358966827393,4.044715404510498,4.123201847076416,4.212121486663818,4.310621738433838
33,3.4174811840057373,3.3970305919647217,3.3777565956115723,3.360028028488159,3.3441052436828613,3.330148220062256,3.318225860595703,3.3083267211914062,3.3003735542297363,3.2942333221435547,3.289731502532959,3.2866640090942383,3.284808397293091,3.2839369773864746,3.2838234901428223,3.284254550933838,3.285033941268921,3.285989761352539,3.286975145339966,3.2878708839416504,3.288586139678955,3.289055585861206,3.289241075515747,3.2891287803649902,3.288729667663574,3.288078546524048,3.287233352661133,3.286273717880249,3.2853004932403564,3.2844295501708984,3.2837905883789062,3.283517599105835,3.283743381500244,3.2845897674560547,3.2861597537994385,3.288531541824341,3.2917497158050537,3.2958216667175293,3.3007185459136963,3.3063716888427734,3.312678098678589,3.3195042610168457,3.3266890048980713,3.3340542316436768,3.3414056301116943,3.348543167114258,3.355266571044922,3.361382484436035,3.3667144775390625,3.3711118698120117,3.3744635581970215,3.376708984375,3.377851724624634,3.3779702186584473,3.377228260040283,3.37587833404541,3.374260902404785,3.372800350189209,3.3719918727874756,3.372384548187256,3.374559164047241,3.3791005611419678,3.3865652084350586,3.397446870803833,3.4121358394622803,3.4308745861053467,3.453713893890381,3.4804635047912598,3.5106570720672607,3.543520450592041,3.5779755115509033,3.612675905227661,3.6461050510406494,3.6767311096191406,3.7032127380371094,3.7246313095092773,3.7406859397888184,3.7518062591552734,3.7591488361358643,3.7644686698913574,3.7699146270751953,3.7777929306030273,3.790356159210205,3.8096396923065186,3.837355136871338,3.8748393058776855,3.923029661178589,3.9824635982513428,4.053290367126465,4.135273456573486
34,3.39144229888916,3.3717544078826904,3.353789806365967,3.3378090858459473,3.323965549468994,3.312314987182617,3.302828788757324,3.295405864715576,3.2898852825164795,3.2860629558563232,3.2837023735046387,3.282550573348999,3.2823495864868164,3.2828474044799805,3.28381085395813,3.285029172897339,3.286323070526123,3.2875454425811768,3.2885823249816895,3.289353370666504,3.2898073196411133,3.289919853210449,3.2896904945373535,3.289140462875366,3.2883081436157227,3.2872514724731445,3.2860419750213623,3.2847695350646973,3.283535957336426,3.2824554443359375,3.2816503047943115,3.2812464237213135,3.2813665866851807,3.282123565673828,3.2836129665374756,3.285905361175537,3.2890429496765137,3.293031930923462,3.2978456020355225,3.303420305252075,3.309659957885742,3.3164420127868652,3.3236191272735596,3.331026792526245,3.338487148284912,3.345815896987915,3.3528249263763428,3.3593289852142334,3.365149974822998,3.370126724243164,3.374122142791748,3.3770365715026855,3.378817081451416,3.3794736862182617,3.379086971282959,3.3778209686279297,3.3759255409240723,3.37373685836792,3.371673107147217,3.3702242374420166,3.369934558868408,3.3713834285736084,3.375162124633789,3.3818418979644775,3.3919427394866943,3.4058942794799805,3.423994302749634,3.4463608264923096,3.472886800765991,3.503187894821167,3.536569356918335,3.572004556655884,3.6081531047821045,3.643432855606079,3.6761536598205566,3.704723358154297,3.727891445159912,3.744992256164551,3.7561190128326416,3.7621726989746094,3.764779567718506,3.7660889625549316,3.768521785736084,3.774524450302124,3.7863690853118896,3.806023120880127,3.8350741863250732,3.8747029304504395,3.9256834983825684,3.9883921146392822
