,bound_270,bound_271,bound_272,bound_273,bound_274,bound_275,bound_276,bound_277,bound_278,bound_279,bound_280,bound_281,bound_282,bound_283,bound_284,bound_285,bound_286,bound_287,bound_288,bound_289,bound_290,bound_291,bound_292,bound_293,bound_294,bound_295,bound_296,bound_297,bound_298,bound_299,bound_300,bound_301,bound_302,bound_303,bound_304,bound_305,bound_306,bound_307,bound_308,bound_309,bound_310,bound_311,bound_312,bound_313,bound_314,bound_315,bound_316,bound_317,bound_318,bound_319,bound_320,bound_321,bound_322,bound_323,bound_324,bound_325,bound_326,bound_327,bound_328,bound_329,bound_330,bound_331,bound_332,bound_333,bound_334,bound_335,bound_336,bound_337,bound_338,bound_339,bound_340,bound_341,bound_342,bound_343,bound_344,bound_345,bound_346,bound_347,bound_348,bound_349,bound_350,bound_351,bound_352,bound_353,bound_354,bound_355,bound_356,bound_357,bound_358,bound_359
0,14.575098037719727,14.018157958984375,13.481000900268555,12.963634490966797,12.466053009033203,11.988260269165039,11.530252456665039,11.092033386230469,10.673599243164062,10.274953842163086,9.896095275878906,9.537023544311523,9.19774055480957,8.878240585327148,8.578531265258789,8.298606872558594,8.038471221923828,7.798121929168701,7.5775580406188965,7.3767828941345215,7.19579553604126,7.0345940589904785,6.8931803703308105,6.771552562713623,6.669711589813232,6.587658405303955,6.525392055511475,6.482911586761475,6.460216045379639,6.4573073387146,6.474179744720459,6.510833263397217,6.567258358001709,6.6434454917907715,6.7393717765808105,6.854992389678955,6.990231990814209,7.144944667816162,7.318859577178955,7.511473178863525,7.72185754776001,7.94830846786499,8.187736511230469,8.434675216674805,8.679855346679688,8.908723831176758,9.101308822631836,9.23590087890625,9.297540664672852,9.286251068115234,9.21701431274414,9.111543655395508,8.989805221557617,8.8663330078125,8.750389099121094,8.647430419921875,8.560544967651367,8.491432189941406,8.441020965576172,8.409812927246094,8.398077011108398,8.405960083007812,8.433540344238281,8.480857849121094,8.547937393188477,8.634788513183594,8.74142074584961,8.867835998535156,9.014034271240234,9.18001937866211,9.365793228149414,9.571352005004883,9.796695709228516,10.041828155517578,10.306745529174805,10.591453552246094,10.89594841003418,11.220226287841797,11.564294815063477,11.928146362304688,12.311788558959961,12.715219497680664,13.138431549072266,13.581436157226562,14.044221878051758,14.526800155639648,15.029167175292969,15.551313400268555,16.09325408935547,16.65497398376465
1,13.518505096435547,12.958869934082031,12.41911506652832,11.89924430847168,11.399255752563477,10.919147491455078,10.458921432495117,10.018579483032227,9.598114013671875,9.197534561157227,8.816835403442383,8.456018447875977,8.115083694458008,7.7940287590026855,7.492857456207275,7.211567401885986,6.950159549713135,6.708632946014404,6.486987590789795,6.285224437713623,6.103343486785889,5.941343784332275,5.7992262840271,5.676988124847412,5.574634075164795,5.492160320281982,5.429568767547607,5.386857509613037,5.3640265464782715,5.3610758781433105,5.378001689910889,5.414802074432373,5.4714674949646,5.547988414764404,5.644338130950928,5.760471820831299,5.896305561065674,6.051681041717529,6.2263054847717285,6.4196295738220215,6.630645275115967,6.857497692108154,7.096843242645264,7.342835903167725,7.585752010345459,7.810836315155029,7.998748302459717,8.129566192626953,8.190227508544922,8.180953979492188,8.115118026733398,8.012716293334961,7.892988681793213,7.770537853240967,7.654948711395264,7.551980495452881,7.464919567108154,7.395589351654053,7.344981670379639,7.313633441925049,7.301832675933838,7.3097357749938965,7.3374247550964355,7.38494348526001,7.452315807342529,7.539556980133057,7.646671772003174,7.773662090301514,7.920533657073975,8.087284088134766,8.273918151855469,8.480432510375977,8.706825256347656,8.953102111816406,9.219259262084961,9.505300521850586,9.811222076416016,10.13702392578125,10.482709884643555,10.848272323608398,11.233720779418945,11.63905143737793,12.064260482788086,12.509355545043945,12.974325180053711,13.459182739257812,13.963922500610352,14.488536834716797,15.033039093017578,15.597417831420898
2,13.092151641845703,12.527078628540039,11.982076644897461,11.457151412963867,10.952299118041992,10.467521667480469,10.002817153930664,9.558189392089844,9.13363265991211,8.729150772094727,8.344743728637695,7.980411052703857,7.636152744293213,7.311967372894287,7.007856845855713,6.723820209503174,6.45985746383667,6.215969562530518,5.992154598236084,5.7884135246276855,5.604747295379639,5.4411540031433105,5.297635555267334,5.174190044403076,5.070817470550537,4.98751974105835,4.924294948577881,4.881143093109131,4.8580641746521,4.855056285858154,4.872115612030029,4.909241199493408,4.9664225578308105,5.043646335601807,5.140882968902588,5.258080959320068,5.395141124725342,5.551875591278076,5.727941036224365,5.922685146331787,6.1349101066589355,6.362433910369873,6.601372241973877,6.845118999481201,7.083210468292236,7.300822734832764,7.480116367340088,7.604267597198486,7.663092136383057,7.657105922698975,7.5972819328308105,7.500716686248779,7.385092258453369,7.264875888824463,7.150166988372803,7.047292232513428,6.959957599639893,6.890239238739014,6.8392720222473145,6.807673931121826,6.795772075653076,6.8037428855896,6.831680774688721,6.879636287689209,6.947633266448975,7.035689830780029,7.143810749053955,7.271999835968018,7.420260906219482,7.58859395980835,7.7769999504089355,7.985479831695557,8.214031219482422,8.462657928466797,8.731355667114258,9.02012825012207,9.328975677490234,9.657894134521484,10.006889343261719,10.375953674316406,10.765096664428711,11.174310684204102,11.603597640991211,12.052961349487305,12.522394180297852,13.011903762817383,13.521490097045898,14.051143646240234,14.60087776184082,15.170679092407227
3,12.885019302368164,12.311603546142578,11.758554458618164,11.225875854492188,10.713565826416016,10.221626281738281,9.750055313110352,9.29885482788086,8.868021011352539,8.457559585571289,8.067466735839844,7.697743892669678,7.348390102386475,7.019404888153076,6.710790157318115,6.422545909881592,6.154670238494873,5.907165050506592,5.680028438568115,5.473262310028076,5.286864757537842,5.120835781097412,4.97517728805542,4.849887371063232,4.74496603012085,4.660414218902588,4.596230983734131,4.552415370941162,4.528967380523682,4.525885105133057,4.5431647300720215,4.580803394317627,4.638789653778076,4.717105388641357,4.815715312957764,4.9345526695251465,5.073490619659424,5.2322916984558105,5.410507678985596,5.607301235198975,5.821132183074951,6.0492472648620605,6.2869086265563965,6.52650785446167,6.756927967071533,6.963906764984131,7.131979465484619,7.247899532318115,7.304337024688721,7.302093029022217,7.2497735023498535,7.161194324493408,7.051759243011475,6.935277462005615,6.822267055511475,6.719793796539307,6.6321940422058105,6.56196928024292,6.5105061531066895,6.478557109832764,6.466521739959717,6.4746174812316895,6.502954006195068,6.551594257354736,6.6205668449401855,6.709889888763428,6.819572925567627,6.9496169090271,7.1000285148620605,7.270805835723877,7.4619526863098145,7.673468112945557,7.905349254608154,8.157602310180664,8.430219650268555,8.723211288452148,9.036569595336914,9.370294570922852,9.724393844604492,10.098855972290039,10.493694305419922,10.90890121459961,11.344474792480469,11.800422668457031,12.276735305786133,12.77342414855957,13.290485382080078,13.827913284301758,14.38571548461914,14.963886260986328
4,12.811635971069336,12.226737976074219,11.662612915039062,11.1192626953125,10.596683502197266,10.094881057739258,9.613853454589844,9.153600692749023,8.714118957519531,8.295417785644531,7.897491931915283,7.5203423500061035,7.163970470428467,6.828372478485107,6.513553142547607,6.219510555267334,5.9462456703186035,5.6937575340271,5.462045192718506,5.2511115074157715,5.060954570770264,4.891575336456299,4.7429728507995605,4.615146160125732,4.508096218109131,4.421823024749756,4.356324672698975,4.31160306930542,4.287654399871826,4.284478664398193,4.302072048187256,4.340426921844482,4.399529933929443,4.479358196258545,4.579861164093018,4.700948238372803,4.842442035675049,5.004008769989014,5.1850199699401855,5.384305477142334,5.599767208099365,5.827791690826416,6.0625739097595215,6.295581340789795,6.5156168937683105,6.709797382354736,6.865466594696045,6.972682476043701,7.026455402374268,7.027812480926514,6.9834303855896,6.904111385345459,6.802647113800049,6.691577434539795,6.58143949508667,6.47998571395874,6.392334461212158,6.321595668792725,6.269547939300537,6.237168788909912,6.224984645843506,6.233270168304443,6.262174129486084,6.311769962310791,6.38209867477417,6.473181247711182,6.585029125213623,6.717644214630127,6.871034145355225,7.0451979637146,7.240137577056885,7.4558539390563965,7.6923441886901855,7.949615001678467,8.227659225463867,8.526485443115234,8.846088409423828,9.186468124389648,9.547628402709961,9.9295654296875,10.33228874206543,10.755790710449219,11.200071334838867,11.665136337280273,12.150981903076172,12.657615661621094,13.185033798217773,13.733232498168945,14.302221298217773,14.891992568969727
5,12.842790603637695,12.242940902709961,11.664382934570312,11.107122421264648,10.571159362792969,10.056497573852539,9.56313705444336,9.091075897216797,8.640317916870117,8.210865020751953,7.8027167320251465,7.41587495803833,7.050339221954346,6.706109523773193,6.383189678192139,6.081577777862549,5.80127477645874,5.542281627655029,5.304595470428467,5.088221073150635,4.8931565284729,4.719400882720947,4.566955089569092,4.435819149017334,4.325992107391357,4.237475872039795,4.170266628265381,4.124366283416748,4.099771022796631,4.096480846405029,4.114488124847412,4.153785228729248,4.214353084564209,4.296153545379639,4.399115085601807,4.523098468780518,4.667834758758545,4.832813739776611,5.017085552215576,5.218935489654541,5.4354376792907715,5.66192102432251,5.89157247543335,6.115458011627197,6.323080539703369,6.503459453582764,6.646634578704834,6.745358943939209,6.796386241912842,6.800900936126709,6.764148235321045,6.694484233856201,6.60219144821167,6.498115062713623,6.392276287078857,6.292815685272217,6.205621242523193,6.134548664093018,6.081929683685303,6.0490946769714355,6.036767482757568,6.045334339141846,6.074996471405029,6.125856876373291,6.19796895980835,6.291362285614014,6.406050205230713,6.542039394378662,6.699334621429443,6.877936840057373,7.077850818634033,7.299075603485107,7.541609287261963,7.8054585456848145,8.090618133544922,8.397096633911133,8.724889755249023,9.073997497558594,9.444425582885742,9.836172103881836,10.24924087524414,10.683633804321289,11.139345169067383,11.616388320922852,12.114751815795898,12.634450912475586,13.175481796264648,13.737838745117188,14.321537017822266,14.926567077636719
6,12.96876335144043,12.350019454956055,11.753227233886719,11.178388595581055,10.625505447387695,10.094581604003906,9.58561897277832,9.098621368408203,8.633588790893555,8.190526962280273,7.769435405731201,7.37031888961792,6.9931769371032715,6.638011455535889,6.304826259613037,5.993621349334717,5.704396724700928,5.4371562004089355,5.191897869110107,4.968625545501709,4.767337322235107,4.5880351066589355,4.430717945098877,4.295385837554932,4.182040691375732,4.0906805992126465,4.021304607391357,3.9739136695861816,3.9485039710998535,3.9450736045837402,3.9636130332946777,4.0041069984436035,4.066526889801025,4.15081262588501,4.256844997406006,4.3843913078308105,4.533010005950928,4.70187520980835,4.8895039558410645,5.093387126922607,5.309571743011475,5.5323805809021,5.754451274871826,5.9671759605407715,6.161323070526123,6.327861309051514,6.459110736846924,6.5499043464660645,6.598239421844482,6.605379581451416,6.575545787811279,6.51526403427124,6.432668209075928,6.336793422698975,6.236693859100342,6.140471935272217,6.054574489593506,5.983621120452881,5.930619716644287,5.897399425506592,5.884995937347412,5.893971920013428,5.924625873565674,5.977109432220459,6.0515007972717285,6.1478400230407715,6.266147136688232,6.406429767608643,6.568698406219482,6.752953052520752,6.95919942855835,7.187437534332275,7.437667369842529,7.709896564483643,8.004121780395508,8.320348739624023,8.658578872680664,9.01881217956543,9.401056289672852,9.805307388305664,10.231576919555664,10.679864883422852,11.150169372558594,11.642501831054688,12.156858444213867,12.69325065612793,13.251680374145508,13.832143783569336,14.43465805053711,15.059215545654297
7,13.189769744873047,12.547586441040039,11.928153991699219,11.331483840942383,10.757574081420898,10.206439971923828,9.678079605102539,9.172502517700195,8.689708709716797,8.22970962524414,7.792504787445068,7.3780999183654785,6.986499309539795,6.617705821990967,6.271726131439209,5.948561191558838,5.648213863372803,5.370687007904053,5.115981578826904,4.884103298187256,4.675050258636475,4.488824367523193,4.325429439544678,4.184861660003662,4.067124843597412,3.9722189903259277,3.900142192840576,3.8508944511413574,3.824471950531006,3.820868968963623,3.840074062347412,3.882058620452881,3.9467711448669434,4.034102916717529,4.143840312957764,4.275577068328857,4.4285502433776855,4.60141134262085,4.791905879974365,4.996535778045654,5.210362911224365,5.427100658416748,5.639514446258545,5.839883327484131,6.020365238189697,6.173630237579346,6.2938456535339355,6.377416133880615,6.423194408416748,6.432455539703369,6.408687114715576,6.357102870941162,6.284146785736084,6.197174549102783,6.104033946990967,6.012366771697998,5.928867816925049,5.858781337738037,5.805837154388428,5.772470951080322,5.760161876678467,5.769752025604248,5.801700115203857,5.856242656707764,5.933501720428467,6.033536434173584,6.156381130218506,6.302049160003662,6.47055196762085,6.661892414093018,6.876079082489014,7.113112926483154,7.372996807098389,7.655738353729248,7.961337566375732,8.289804458618164,8.641141891479492,9.015350341796875,9.412443161010742,9.832418441772461,10.275293350219727,10.741065979003906,11.229742050170898,11.741340637207031,12.275859832763672,12.833316802978516,13.413721084594727,14.017074584960938,14.643404006958008,15.292709350585938
8,13.512968063354492,12.842016220092773,12.194774627685547,11.57126235961914,10.971488952636719,10.395469665527344,9.84321403503418,9.314733505249023,8.810035705566406,8.32913589477539,7.872039318084717,7.438755512237549,7.029292583465576,6.643655300140381,6.281854152679443,5.943896770477295,5.629786014556885,5.339528560638428,5.073129177093506,4.830592632293701,4.611923694610596,4.417124271392822,4.24619722366333,4.0991435050964355,3.9759678840637207,3.876669406890869,3.801248073577881,3.749701976776123,3.7220263481140137,3.7182116508483887,3.7382330894470215,3.782039165496826,3.849526882171631,3.940490245819092,4.054529666900635,4.190913677215576,4.348358631134033,4.524756908416748,4.71690034866333,4.920323848724365,5.129451274871826,5.3380045890808105,5.539437770843506,5.727080821990967,5.89429235458374,6.03516149520874,6.145349025726318,6.222438335418701,6.265847682952881,6.276801586151123,6.2582526206970215,6.214487552642822,6.1507039070129395,6.072842121124268,5.987508296966553,5.901601314544678,5.821707248687744,5.753480434417725,5.70129919052124,5.668260097503662,5.6563897132873535,5.666926860809326,5.7005791664123535,5.757731914520264,5.83858060836792,5.943231105804443,6.071730136871338,6.224105358123779,6.400373935699463,6.6005425453186035,6.8246235847473145,7.072622776031494,7.344543933868408,7.640401363372803,7.960198879241943,8.303951263427734,8.67166519165039,9.063348770141602,9.479021072387695,9.918691635131836,10.382379531860352,10.870098114013672,11.381864547729492,11.917703628540039,12.477632522583008,13.061685562133789,13.669881820678711,14.302248001098633,14.958826065063477,15.639638900756836
9,13.95146369934082,13.245538711547852,12.564424514770508,11.908159255981445,11.276771545410156,10.670293807983398,10.088750839233398,9.532167434692383,9.000564575195312,8.493967056274414,8.012393951416016,7.5558600425720215,7.124382495880127,6.71797513961792,6.336656093597412,5.980435848236084,5.649326801300049,5.343339443206787,5.062483310699463,4.806769847869873,4.576204776763916,4.370795726776123,4.190548419952393,4.03546667098999,3.905557155609131,3.800820827484131,3.721259593963623,3.666869640350342,3.637641429901123,3.633553981781006,3.654554843902588,3.700540065765381,3.771298885345459,3.8664298057556152,3.985198497772217,4.126343250274658,4.287831783294678,4.466619968414307,4.6585469245910645,4.858483791351318,5.060771465301514,5.25970983505249,5.449638843536377,5.62476110458374,5.7794060707092285,5.908870220184326,6.010047435760498,6.08137845993042,6.122631549835205,6.1349406242370605,6.120845317840576,6.083988666534424,6.028674602508545,5.9597392082214355,5.882656574249268,5.803462505340576,5.728347301483154,5.663102626800537,5.612614154815674,5.580626010894775,5.569773197174072,5.581787586212158,5.617732524871826,5.678220272064209,5.763585567474365,5.874000072479248,6.009552478790283,6.170289516448975,6.356238842010498,6.567417621612549,6.803843975067139,7.065530300140381,7.352489948272705,7.664744853973389,8.002307891845703,8.36520767211914,8.753461837768555,9.167093276977539,9.606138229370117,10.070621490478516,10.560588836669922,11.07607650756836,11.617120742797852,12.183778762817383,12.776094436645508,13.39413070678711,14.03793716430664,14.707565307617188,15.403083801269531,16.124530792236328
10,14.523611068725586,13.775758743286133,13.053865432739258,12.35801887512207,11.688295364379883,11.044771194458008,10.427507400512695,9.836565017700195,9.271993637084961,8.733846664428711,8.22216796875,7.736995220184326,7.278365612030029,6.846309185028076,6.440858364105225,6.06204080581665,5.709879398345947,5.384397029876709,5.085610866546631,4.81354284286499,4.568207263946533,4.349618434906006,4.157789707183838,3.9927287101745605,3.854447841644287,3.742949962615967,3.6582388877868652,3.600306987762451,3.5691323280334473,3.5646653175354004,3.5867953300476074,3.635301113128662,3.7097620964050293,3.8094239234924316,3.9330124855041504,4.078515529632568,4.242966175079346,4.422372341156006,4.611874103546143,4.80617094039917,5.000094890594482,5.188769817352295,5.36725378036499,5.53036642074585,5.673272609710693,5.7923502922058105,5.885488033294678,5.951737880706787,5.991057872772217,6.004466533660889,5.994177341461182,5.963365077972412,5.915726184844971,5.855273723602295,5.786534786224365,5.714690685272217,5.645381450653076,5.584273815155029,5.53656530380249,5.506576061248779,5.497575283050537,5.511862277984619,5.550947666168213,5.615768909454346,5.706868648529053,5.8245463371276855,5.968961238861084,6.140195369720459,6.338304042816162,6.563317775726318,6.815271854400635,7.09419584274292,7.40011739730835,7.733081340789795,8.093122482299805,8.480293273925781,8.894645690917969,9.336231231689453,9.805124282836914,10.301387786865234,10.825103759765625,11.376348495483398,11.955194473266602,12.561735153198242,13.196029663085938,13.858156204223633,14.548162460327148,15.266069412231445,16.011905670166016,16.785633087158203
11,15.250997543334961,14.454160690307617,13.684259414672852,12.941482543945312,12.226007461547852,11.537996292114258,10.877603530883789,10.24496841430664,9.64021110534668,9.063455581665039,8.514801025390625,7.99434232711792,7.502162456512451,7.03833532333374,6.602931499481201,6.196009159088135,5.81762170791626,5.4678168296813965,5.146634578704834,4.854115962982178,4.5902934074401855,4.35519552230835,4.148848056793213,3.97127103805542,3.8224844932556152,3.702497959136963,3.6113133430480957,3.5489134788513184,3.515246868133545,3.5101990699768066,3.5335326194763184,3.5847973823547363,3.6631999015808105,3.7674288749694824,3.895442485809326,4.044281482696533,4.210018634796143,4.387916088104248,4.572839260101318,4.759875774383545,4.944674015045166,5.123048305511475,5.290454387664795,5.4421916007995605,5.574225902557373,5.683909893035889,5.769917011260986,5.831704616546631,5.869312763214111,5.883635997772217,5.876619815826416,5.8510918617248535,5.81033182144165,5.757785320281982,5.697228908538818,5.633073329925537,5.570373058319092,5.5145039558410645,5.470761775970459,5.443915843963623,5.437861919403076,5.455526828765869,5.498958110809326,5.5695061683654785,5.668015003204346,5.794982433319092,5.95068883895874,6.1352925300598145,6.34889554977417,6.591563701629639,6.863367557525635,7.164371013641357,7.494642734527588,7.8542704582214355,8.243335723876953,8.661945343017578,9.110200881958008,9.58820915222168,10.096090316772461,10.63394546508789,11.201881408691406,11.799972534179688,12.428266525268555,13.086793899536133,13.775514602661133,14.494361877441406,15.243192672729492,16.021799087524414,16.829938888549805,17.66727066040039
12,16.153257369995117,15.301773071289062,14.477649688720703,13.681249618530273,12.91290283203125,12.172943115234375,11.461681365966797,10.779413223266602,10.126411437988281,9.502939224243164,8.909229278564453,8.345497131347656,7.811940670013428,7.308732509613037,6.836034297943115,6.393983364105225,5.982703685760498,5.602303981781006,5.252878665924072,4.93451452255249,4.647284984588623,4.391250133514404,4.166467189788818,3.972978115081787,3.8108229637145996,3.6800179481506348,3.5805630683898926,3.512413501739502,3.4754528999328613,3.4694275856018066,3.493852138519287,3.547879695892334,3.630134105682373,3.738499164581299,3.869950771331787,4.020535945892334,4.185519695281982,4.359767436981201,4.538397312164307,4.7172980308532715,4.892859935760498,5.061215877532959,5.21802282333374,5.359055995941162,5.481086254119873,5.582322597503662,5.662031650543213,5.71991491317749,5.756028652191162,5.771138668060303,5.766974925994873,5.7460856437683105,5.711471080780029,5.666208744049072,5.613522052764893,5.557170391082764,5.501651287078857,5.452003002166748,5.4134650230407715,5.3910956382751465,5.389373302459717,5.4118971824646,5.461345195770264,5.539592266082764,5.6478800773620605,5.786994457244873,5.95741605758667,6.1594367027282715,6.39325475692749,6.659013271331787,6.95685338973999,7.286911487579346,7.649328708648682,8.044265747070312,8.471872329711914,8.932308197021484,9.425710678100586,9.952180862426758,10.511796951293945,11.104551315307617,11.730392456054688,12.389156341552734,13.080589294433594,13.804351806640625,14.55998420715332,15.346969604492188,16.164690017700195,17.01247215270996,17.88962745666504,18.795413970947266
13,17.239686965942383,16.331222534179688,15.449676513671875,14.595579147338867,13.769451141357422,12.971826553344727,12.203235626220703,11.464202880859375,10.755241394042969,10.076852798461914,9.429512023925781,8.813667297363281,8.229743957519531,7.678127765655518,7.159182071685791,6.673228740692139,6.220555782318115,5.801421642303467,5.416052341461182,5.064647197723389,4.747375965118408,4.464385509490967,4.215800762176514,4.001720905303955,3.8222241401672363,3.677351474761963,3.5670905113220215,3.4913411140441895,3.449842929840088,3.442077159881592,3.467136859893799,3.523555278778076,3.6090903282165527,3.7205748558044434,3.8539299964904785,4.004306316375732,4.166419506072998,4.335208415985107,4.506533145904541,4.677112102508545,4.843681812286377,5.0024027824401855,5.149112224578857,5.28012228012085,5.392999172210693,5.486678600311279,5.560842037200928,5.615323543548584,5.650146007537842,5.6659674644470215,5.6643290519714355,5.647557735443115,5.618449687957764,5.579869747161865,5.534677028656006,5.48611307144165,5.438180446624756,5.395604610443115,5.363524913787842,5.347175121307373,5.351529598236084,5.380900859832764,5.4387125968933105,5.5274977684021,5.649032115936279,5.804518222808838,5.994740962982178,6.220221996307373,6.481334209442139,6.7783637046813965,7.111569881439209,7.4811835289001465,7.887413501739502,8.3304443359375,8.810382843017578,9.327266693115234,9.881006240844727,10.471372604370117,11.098005294799805,11.760354995727539,12.45775032043457,13.189371109008789,13.954278945922852,14.751495361328125,15.57996940612793,16.438671112060547,17.326568603515625,18.242677688598633,19.18610382080078,20.155982971191406
14,18.50282096862793,17.539207458496094,16.601285934448242,15.689645767211914,14.804914474487305,13.94776725769043,13.118904113769531,12.319063186645508,11.548999786376953,10.80949592590332,10.101339340209961,9.425308227539062,8.782180786132812,8.172706604003906,7.597610950469971,7.0575785636901855,6.553242206573486,6.085185527801514,5.65393590927124,5.259965419769287,4.903686046600342,4.585452556610107,4.305568218231201,4.06427526473999,3.8617587089538574,3.6981167793273926,3.5733284950256348,3.4871764183044434,3.4391417503356934,3.4282679557800293,3.452974796295166,3.5108399391174316,3.5984578132629395,3.7114977836608887,3.844848155975342,3.992910861968994,4.150243282318115,4.312398433685303,4.476131916046143,4.638615131378174,4.796535968780518,4.9460015296936035,5.0831122398376465,5.204783916473389,5.309333324432373,5.396279811859131,5.465579509735107,5.5171074867248535,5.5508341789245605,5.56732702255249,5.5679755210876465,5.554917812347412,5.530795574188232,5.4983649253845215,5.460296154022217,5.419463634490967,5.379458904266357,5.344747066497803,5.320425510406494,5.3119025230407715,5.3246026039123535,5.363589763641357,5.433186054229736,5.536788463592529,5.676913738250732,5.855366230010986,6.073400020599365,6.331883907318115,6.631446361541748,6.972522258758545,7.355424404144287,7.780306339263916,8.247150421142578,8.755743026733398,9.305612564086914,9.89604377746582,10.526069641113281,11.194488525390625,11.899957656860352,12.640993118286133,13.416095733642578,14.223747253417969,15.062494277954102,15.930994033813477,16.827983856201172,17.752361297607422,18.7031192779541,19.679378509521484,20.680389404296875,21.705482482910156
15,19.920515060424805,18.906518936157227,17.91663932800293,16.951427459716797,16.011470794677734,15.097433090209961,14.210046768188477,13.35009765625,12.518457412719727,11.716070175170898,10.94393539428711,10.203125,9.494754791259766,8.819992065429688,8.180032730102539,7.57606840133667,7.009293079376221,6.4808669090271,5.991893291473389,5.5434184074401855,5.136393070220947,4.771670818328857,4.449997425079346,4.17199182510376,3.9381327629089355,3.7486987113952637,3.6037001609802246,3.502758502960205,3.444955348968506,3.428628444671631,3.4511284828186035,3.5086989402770996,3.596580982208252,3.7091898918151855,3.8403849601745605,3.984099864959717,4.135274410247803,4.2903571128845215,4.4466986656188965,4.601426601409912,4.751007556915283,4.891573429107666,5.019586086273193,5.1326003074646,5.229613780975342,5.3105902671813965,5.375635623931885,5.424611568450928,5.457433223724365,5.4745917320251465,5.477366924285889,5.467731952667236,5.448204517364502,5.421504497528076,5.390256404876709,5.357144832611084,5.325467586517334,5.299514293670654,5.2844557762146,5.286017894744873,5.310189723968506,5.3629069328308105,5.449622631072998,5.574926853179932,5.7424092292785645,5.954733371734619,6.213773250579834,6.520753383636475,6.8763556480407715,7.280763149261475,7.733691692352295,8.234376907348633,8.78158950805664,9.373712539672852,10.008781433105469,10.684642791748047,11.399032592773438,12.149707794189453,12.934545516967773,13.751565933227539,14.599018096923828,15.475336074829102,16.37916374206543,17.30936622619629,18.264942169189453,19.245086669921875,20.249086380004883,21.276350021362305,22.326406478881836,23.398822784423828
16,21.465160369873047,20.406190872192383,19.36992645263672,18.35678482055664,17.36722183227539,16.401784896850586,15.46107292175293,14.545783996582031,13.656694412231445,12.794696807861328,11.960794448852539,11.156097412109375,10.38186264038086,9.639457702636719,8.930398941040039,8.256324768066406,7.618978023529053,7.020203113555908,6.461902141571045,5.946012020111084,5.474445819854736,5.049047946929932,4.67153787612915,4.343443393707275,4.066016674041748,3.84010648727417,3.666003704071045,3.5432448387145996,3.470353603363037,3.4445557594299316,3.4616713523864746,3.516284465789795,3.6020026206970215,3.7117819786071777,3.838561534881592,3.9762721061706543,4.1206183433532715,4.2687506675720215,4.418046474456787,4.565296649932861,4.70679235458374,4.838799953460693,4.9582200050354,5.0632548332214355,5.153487682342529,5.229189395904541,5.290525913238525,5.337316036224365,5.369417667388916,5.387275218963623,5.392085552215576,5.385695934295654,5.370520114898682,5.349289417266846,5.324706554412842,5.299458980560303,5.27673864364624,5.260798931121826,5.257091045379639,5.271965503692627,5.312354564666748,5.385463237762451,5.4983229637146,5.657209873199463,5.8671746253967285,6.131837368011475,6.453353404998779,6.832472324371338,7.26867151260376,7.7602972984313965,8.304840087890625,8.899166107177734,9.539833068847656,10.223356246948242,10.94637680053711,11.705850601196289,12.499067306518555,13.32369613647461,14.177789688110352,15.0596923828125,15.968074798583984,16.901823043823242,17.86001205444336,18.84192657470703,19.846925735473633,20.874544143676758,21.924345016479492,22.995988845825195,24.089202880859375,25.2037296295166
17,23.1120662689209,22.012691497802734,20.934953689575195,19.879140853881836,18.845571517944336,17.834627151489258,16.84674644470215,15.882440567016602,14.942300796508789,14.027023315429688,13.13741683959961,12.274415969848633,11.439111709594727,10.632772445678711,9.856868743896484,9.113090515136719,8.40338134765625,7.7299485206604,7.095279216766357,6.502138614654541,5.953542232513428,5.452706813812256,5.002950191497803,4.607547283172607,4.269494533538818,3.9911961555480957,3.7740626335144043,3.6180272102355957,3.5210623741149902,3.4789767265319824,3.485623836517334,3.5333752632141113,3.61366605758667,3.717782497406006,3.8380045890808105,3.968644618988037,4.106083393096924,4.247581958770752,4.3900933265686035,4.530043125152588,4.663669109344482,4.7874579429626465,4.898797512054443,4.996522426605225,5.080685138702393,5.1517462730407715,5.209868907928467,5.254810810089111,5.286384105682373,5.305012226104736,5.31184720993042,5.308644771575928,5.297752857208252,5.281955242156982,5.2641520500183105,5.247255802154541,5.234635829925537,5.230825901031494,5.2419352531433105,5.275542736053467,5.340339183807373,5.445695400238037,5.60099458694458,5.814605236053467,6.092716693878174,6.438581943511963,6.852340221405029,7.331456661224365,7.8715338706970215,8.467178344726562,9.112825393676758,9.803224563598633,10.533746719360352,11.300506591796875,12.100292205810547,12.930538177490234,13.789182662963867,14.67459487915039,15.58549690246582,16.520862579345703,17.479887008666992,18.461923599243164,19.466434478759766,20.493026733398438,21.541332244873047,22.611095428466797,23.702070236206055,24.814064025878906,25.94692039489746,27.100500106811523
18,24.842937469482422,23.7064208984375,22.590818405151367,21.496318817138672,20.423128128051758,19.371488571166992,18.341705322265625,17.3341007232666,16.349084854125977,15.387144088745117,14.448823928833008,13.534811019897461,12.645891189575195,11.783035278320312,10.947389602661133,10.140329360961914,9.363531112670898,8.61899185180664,7.909145832061768,7.236917018890381,6.605801105499268,6.019951343536377,5.48419713973999,5.003966808319092,4.585029125213623,4.232920169830322,3.9520068168640137,3.744241237640381,3.6081013679504395,3.5382657051086426,3.526144504547119,3.560983180999756,3.631286144256592,3.7264456748962402,3.838225841522217,3.9612345695495605,4.091907024383545,4.2269721031188965,4.362788677215576,4.495540142059326,4.621490001678467,4.737396717071533,4.841182231903076,4.932250499725342,5.011010646820068,5.078009128570557,5.133368968963623,5.17678689956665,5.208043575286865,5.227569103240967,5.23651647567749,5.236606121063232,5.230166912078857,5.220118999481201,5.209712505340576,5.202390193939209,5.2021803855896,5.214540004730225,5.247106075286865,5.309882640838623,5.414797306060791,5.574700832366943,5.80164098739624,6.1045145988464355,6.4870123863220215,6.947150707244873,7.4786152839660645,8.073009490966797,8.721809387207031,9.417451858520508,10.153797149658203,10.926029205322266,11.730485916137695,12.56441879272461,13.425729751586914,14.312870025634766,15.224637985229492,16.160112380981445,17.11858367919922,18.099483489990234,19.102399826049805,20.126968383789062,21.172901153564453,22.239973068237305,23.327983856201172,24.436805725097656,25.566286087036133,26.716318130493164,27.88681983947754,29.07768440246582
19,26.645593643188477,25.474058151245117,24.322980880737305,23.192481994628906,22.082691192626953,20.993757247924805,19.925853729248047,18.879215240478516,17.854076385498047,16.85074806213379,15.869604110717773,14.91105842590332,13.975662231445312,13.064027786254883,12.176946640014648,11.315376281738281,10.480485916137695,9.673761367797852,8.897039413452148,8.152681350708008,7.443706035614014,6.773990154266357,6.1485676765441895,5.573851108551025,5.05781888961792,4.609700679779053,4.2388386726379395,3.952451229095459,3.7529139518737793,3.6359200477600098,3.590756893157959,3.602677822113037,3.6562533378601074,3.7383933067321777,3.8398585319519043,3.954719066619873,4.078538417816162,4.207072734832764,4.336131572723389,4.461724758148193,4.580169200897217,4.68854284286499,4.785302639007568,4.870349407196045,4.944325923919678,5.007796764373779,5.060821056365967,5.103044033050537,5.134236812591553,5.15487813949585,5.166182041168213,5.169912815093994,5.168498516082764,5.165160655975342,5.163796901702881,5.1689276695251465,5.1861653327941895,5.223265171051025,5.291236400604248,5.404633045196533,5.58022928237915,5.833803653717041,6.175796031951904,6.608091831207275,7.124220371246338,7.712832927703857,8.361703872680664,9.060260772705078,9.80038833618164,10.576189041137695,11.383514404296875,12.219427108764648,13.081836700439453,13.969257354736328,14.880569458007812,15.814979553222656,16.77185821533203,17.750717163085938,18.751205444335938,19.77301597595215,20.81592559814453,21.879735946655273,22.964284896850586,24.069469451904297,25.195154190063477,26.341264724731445,27.507722854614258,28.694459915161133,29.901430130004883,31.128564834594727
20,28.512380599975586,27.307161331176758,26.122106552124023,24.95731544494629,23.812847137451172,22.688796997070312,21.58529281616211,20.5024356842041,19.440399169921875,18.399377822875977,17.379575729370117,16.381275177001953,15.40478515625,14.450517654418945,13.51895523071289,12.610685348510742,11.726465225219727,10.86722183227539,10.034164428710938,9.228853225708008,8.453338623046875,7.710419178009033,7.0039238929748535,6.339257717132568,5.724012851715088,5.168576717376709,4.686136722564697,4.291001796722412,3.994422435760498,3.7990851402282715,3.696119785308838,3.6677098274230957,3.6935629844665527,3.756605625152588,3.8449130058288574,3.9503655433654785,4.066606044769287,4.188138484954834,4.3102126121521,4.428617000579834,4.539699077606201,4.64088773727417,4.731154918670654,4.810786724090576,4.880563259124756,4.941009998321533,4.992124080657959,5.033519268035889,5.064998149871826,5.087144374847412,5.10133695602417,5.109542369842529,5.114535808563232,5.120248317718506,5.131922245025635,5.156362056732178,5.202708721160889,5.283746242523193,5.416781902313232,5.622198581695557,5.918310642242432,6.314390659332275,6.8071675300598145,7.3838629722595215,8.028532028198242,8.726999282836914,9.468629837036133,10.246124267578125,11.054679870605469,11.891120910644531,12.753339767456055,13.639892578125,14.549747467041016,15.482200622558594,16.43669891357422,17.41283416748047,18.410295486450195,19.428810119628906,20.468223571777344,21.528350830078125,22.60907554626465,23.710289001464844,24.83186912536621,25.97379493713379,27.13597297668457,28.318357467651367,29.52089500427246,30.743532180786133,31.986265182495117,33.24905014038086
21,30.43864631652832,29.200529098510742,27.982423782348633,26.784364700317383,25.606412887573242,24.448617935180664,23.311044692993164,22.193777084350586,21.096893310546875,20.020524978637695,18.964794158935547,17.929866790771484,16.91593360900879,15.923234939575195,14.952058792114258,14.002763748168945,13.075796127319336,12.171710968017578,11.291217803955078,10.435249328613281,9.605024337768555,8.80221939086914,8.029197692871094,7.289416790008545,6.588111400604248,5.933310031890869,5.337107181549072,4.81638765335083,4.390925884246826,4.076747417449951,3.8768391609191895,3.7776455879211426,3.755847454071045,3.7884268760681152,3.8575854301452637,3.9503912925720215,4.057191371917725,4.1707072257995605,4.2853102684021,4.3963541984558105,4.500163555145264,4.594506740570068,4.678799152374268,4.753602504730225,4.8197340965271,4.877660274505615,4.927335262298584,4.968384265899658,5.000707149505615,5.02511739730835,5.043363094329834,5.057968616485596,5.0726637840271,5.093112468719482,5.127631664276123,5.188013553619385,5.290557384490967,5.456301212310791,5.708145618438721,6.063363552093506,6.525550365447998,7.083664417266846,7.719173908233643,8.414093017578125,9.15477180480957,9.93212890625,10.740447998046875,11.576194763183594,12.437179565429688,13.321964263916016,14.22960090637207,15.159425735473633,16.110946655273438,17.083837509155273,18.07781410217285,19.092666625976562,20.128232955932617,21.18436050415039,22.260967254638672,23.357954025268555,24.475250244140625,25.612783432006836,26.770479202270508,27.948339462280273,29.146303176879883,30.36432456970215,31.602388381958008,32.860443115234375,34.13850402832031,35.43653106689453
22,32.42156982421875,31.151033401489258,29.90040397644043,28.669721603393555,27.458993911743164,26.26827049255371,25.09758186340332,23.94698143005371,22.816513061523438,21.706254959106445,20.616283416748047,19.54668617248535,18.49759292602539,17.46912956237793,16.461477279663086,15.47484016418457,14.509479522705078,13.565717697143555,12.64395523071289,11.744729995727539,10.868719100952148,10.016843795776367,9.190397262573242,8.391254425048828,7.622324466705322,6.888274669647217,6.19685697555542,5.560784816741943,4.999331951141357,4.536839962005615,4.194420337677002,3.9775919914245605,3.8716883659362793,3.8503317832946777,3.886732578277588,3.959312915802002,4.052577495574951,4.155965328216553,4.262052059173584,4.3652873039245605,4.46179723739624,4.549590587615967,4.628402233123779,4.698938846588135,4.761989116668701,4.817960262298584,4.866816997528076,4.908280849456787,4.942512035369873,4.97083044052124,4.995852947235107,5.021552562713623,5.054148197174072,5.103597164154053,5.185075283050537,5.319743633270264,5.533005237579346,5.847991466522217,6.2756781578063965,6.809596538543701,7.430976390838623,8.118721008300781,8.855949401855469,9.631393432617188,10.438156127929688,11.27219009399414,12.131099700927734,13.013408660888672,13.918218612670898,14.844890594482422,15.793014526367188,16.762271881103516,17.752422332763672,18.7632999420166,19.794748306274414,20.846668243408203,21.91895866394043,23.01153564453125,24.12434959411621,25.2573299407959,26.41044807434082,27.58365821838379,28.776918411254883,29.99021339416504,31.223493576049805,32.47676467895508,33.74998474121094,35.04315948486328,36.35626220703125,37.689247131347656
23,34.45946502685547,33.15678405761719,31.87396812438965,30.611005783081055,29.36794090270996,28.144773483276367,26.9415340423584,25.758249282836914,24.59494972229004,23.451677322387695,22.328479766845703,21.225414276123047,20.142541885375977,19.07994842529297,18.037738800048828,17.016033172607422,16.014976501464844,15.03475570678711,14.075603485107422,13.1378173828125,12.221771240234375,11.327962875366211,10.457067489624023,9.610034942626953,8.788314819335938,7.994205951690674,7.231634616851807,6.507519245147705,5.833964824676514,5.230676174163818,4.724768161773682,4.34332799911499,4.098646640777588,3.978419780731201,3.9523701667785645,3.9875359535217285,4.058084964752197,4.146653652191162,4.2418742179870605,4.336217403411865,4.425114154815674,4.506530284881592,4.580302715301514,4.647140026092529,4.707754611968994,4.762545108795166,4.81160306930542,4.854974269866943,4.893478870391846,4.929675579071045,4.968356609344482,5.017220973968506,5.088651180267334,5.201862812042236,5.383032321929932,5.660159587860107,6.051907062530518,6.558021068572998,7.161294460296631,7.8385539054870605,8.5699462890625,9.341808319091797,10.14583969116211,10.977277755737305,11.833406448364258,12.712697982788086,13.614212036132812,14.537347793579102,15.48172378540039,16.44703483581543,17.433122634887695,18.439800262451172,19.466943740844727,20.514461517333984,21.582256317138672,22.67029571533203,23.778505325317383,24.906831741333008,26.055253982543945,27.223695755004883,28.412179946899414,29.62066078186035,30.849111557006836,32.09750747680664,33.36582946777344,34.654083251953125,35.962249755859375,37.29029846191406,38.638240814208984,40.00602340698242
24,36.55130386352539,35.21664810180664,33.90180969238281,32.606807708740234,31.331632614135742,30.076311111450195,28.84086036682129,27.625280380249023,26.429590225219727,25.25383186340332,24.0980167388916,22.962181091308594,21.846376419067383,20.750627517700195,19.675012588500977,18.619596481323242,17.5844669342041,16.56972885131836,15.575510025024414,14.601984024047852,13.649360656738281,12.717905044555664,11.807975769042969,10.920049667358398,10.054832458496094,9.213388442993164,8.397476196289062,7.610231876373291,6.857388973236084,6.1495442390441895,5.505164623260498,4.952552318572998,4.524857997894287,4.243189334869385,4.0993828773498535,4.060048580169678,4.086742877960205,4.14940881729126,4.228186130523682,4.3109965324401855,4.391242504119873,4.466132640838623,4.535207271575928,4.598987102508545,4.658095836639404,4.713069438934326,4.764449596405029,4.813201427459717,4.86190938949585,4.916336536407471,4.9867682456970215,5.089574337005615,5.248748302459717,5.493833065032959,5.850183010101318,6.325753688812256,6.907492160797119,7.571447849273682,8.294921875,9.061729431152344,9.861988067626953,10.690067291259766,11.542863845825195,12.418676376342773,13.316516876220703,14.235807418823242,15.176166534423828,16.13733673095703,17.119140625,18.12143325805664,19.144113540649414,20.187095642089844,21.25029945373535,22.33367919921875,23.437170028686523,24.560752868652344,25.704381942749023,26.868017196655273,28.051652908325195,29.255239486694336,30.478788375854492,31.72226905822754,32.98564910888672,34.268951416015625,35.57210922241211,36.895172119140625,38.238101959228516,39.60086441040039,40.98352813720703,42.385982513427734
25,38.69645309448242,37.32991409301758,35.98317337036133,34.656227111816406,33.34910583496094,32.061805725097656,30.7943172454834,29.54667091369629,28.318864822387695,27.110918045043945,25.922849655151367,24.75467300415039,23.60641098022461,22.478090286254883,21.369754791259766,20.281442642211914,19.213197708129883,18.165084838867188,17.137174606323242,16.12957191467285,15.142391204833984,14.175779342651367,13.229928970336914,12.305084228515625,11.401605606079102,10.519979476928711,9.660985946655273,8.825931549072266,8.017181396484375,7.239256381988525,6.500887393951416,5.818471431732178,5.219655513763428,4.741195201873779,4.412642955780029,4.2333598136901855,4.1705451011657715,4.180954456329346,4.229556560516357,4.294149875640869,4.362794399261475,4.43018102645874,4.494697093963623,4.55634069442749,4.615712642669678,4.673910617828369,4.732820987701416,4.79600191116333,4.870730876922607,4.970611095428467,5.11728048324585,5.339330196380615,5.665257930755615,6.110334873199463,6.667977809906006,7.3158793449401855,8.029415130615234,8.789834976196289,9.585416793823242,10.409500122070312,11.258491516113281,12.13045883178711,13.024330139160156,13.939525604248047,14.875667572021484,15.832509994506836,16.80988121032715,17.807653427124023,18.825754165649414,19.864086151123047,20.922595977783203,22.001232147216797,23.099933624267578,24.21869659423828,25.35746955871582,26.516233444213867,27.69495964050293,28.89361000061035,30.112211227416992,31.3507137298584,32.6091194152832,33.887413024902344,35.185550689697266,36.50358963012695,37.84147262573242,39.19920349121094,40.576786041259766,41.974178314208984,43.39141845703125,44.828487396240234
26,40.89451599121094,39.49613952636719,38.11756134033203,36.75876235961914,35.41976547241211,34.10056686401367,32.801170349121094,31.52158546447754,30.261804580688477,29.0218563079834,27.80173683166504,26.60146141052246,25.421049118041992,24.260494232177734,23.119836807250977,21.999099731445312,20.898305892944336,19.817493438720703,18.756702423095703,17.715991973876953,16.695430755615234,15.69509506225586,14.715095520019531,13.755563735961914,12.81668472290039,11.898696899414062,11.001956939697266,10.12701416015625,9.27480697631836,8.447084426879883,7.647278308868408,6.882349491119385,6.1660990715026855,5.523525714874268,4.991718769073486,4.607332706451416,4.380410671234131,4.282721996307373,4.268077373504639,4.297286510467529,4.346248149871826,4.402963161468506,4.462592601776123,4.523911952972412,4.587774753570557,4.657069683074951,4.737476825714111,4.839301586151123,4.980325222015381,5.186971187591553,5.4890618324279785,5.907007694244385,6.440516948699951,7.0706706047058105,7.7724738121032715,8.525199890136719,9.315244674682617,10.134750366210938,10.979532241821289,11.847349166870117,12.737037658691406,13.647945404052734,14.57968521118164,15.532051086425781,16.50487518310547,17.49803352355957,18.511451721191406,19.5450382232666,20.598773956298828,21.672592163085938,22.766456604003906,23.880342483520508,25.01419448852539,26.168027877807617,27.341798782348633,28.53550148010254,29.749113082885742,30.982595443725586,32.23598098754883,33.50923538208008,34.80236053466797,36.115333557128906,37.4481315612793,38.8007926940918,40.17328643798828,41.56560516357422,42.977752685546875,44.4096794128418,45.86146545410156,47.333045959472656
27,43.14521789550781,41.71504211425781,40.304649353027344,38.914031982421875,37.543209075927734,36.19217300415039,34.860931396484375,33.549476623535156,32.257816314697266,30.985971450805664,29.73392677307129,28.50169563293457,27.289289474487305,26.09670066833496,24.923961639404297,23.771081924438477,22.63806915283203,21.524953842163086,20.431747436523438,19.35849952697754,18.30523681640625,17.27201271057129,16.258874893188477,15.265907287597656,14.293209075927734,13.340902328491211,12.409154891967773,11.498222351074219,10.608478546142578,9.740612030029297,8.8958740234375,8.076822280883789,7.288804531097412,6.5428385734558105,5.860108852386475,5.275249004364014,4.828946590423584,4.542672634124756,4.398016452789307,4.350526332855225,4.358436107635498,4.395425319671631,4.44873571395874,4.514280796051025,4.5940165519714355,4.695716381072998,4.8339972496032715,5.031347751617432,5.31576681137085,5.710692882537842,6.221699237823486,6.833923816680908,7.523045063018799,8.267066955566406,9.050790786743164,9.865215301513672,10.705421447753906,11.56882095336914,12.45411491394043,13.360570907592773,14.287805557250977,15.235586166381836,16.203737258911133,17.192188262939453,18.200849533081055,19.229644775390625,20.27854347229004,21.347475051879883,22.436439514160156,23.545394897460938,24.674314498901367,25.823179244995117,26.9919490814209,28.18064308166504,29.389230728149414,30.617700576782227,31.86604118347168,33.134220123291016,34.42227554321289,35.73016357421875,37.05790328979492,38.40546798706055,39.77283477783203,41.16004943847656,42.567073822021484,43.993919372558594,45.4405632019043,46.90700149536133,48.39325714111328,49.89930725097656
28,45.448360443115234,43.98640060424805,42.54421615600586,41.12180709838867,39.71918487548828,38.336341857910156,36.973289489746094,35.6300163269043,34.30652618408203,33.002830505371094,31.718931198120117,30.454824447631836,29.21052360534668,27.986021041870117,26.78133201599121,25.596471786499023,24.43143653869629,23.286245346069336,22.160907745361328,21.05544662475586,19.969881057739258,18.904237747192383,17.858552932739258,16.832862854003906,15.827228546142578,14.841712951660156,13.876409530639648,12.931428909301758,12.006952285766602,11.103256225585938,10.220804214477539,9.36050033569336,8.524198532104492,7.715874195098877,6.9439778327941895,6.225518703460693,5.590582370758057,5.079989910125732,4.725783824920654,4.5251994132995605,4.442372798919678,4.436080455780029,4.479136943817139,4.5613532066345215,4.687086582183838,4.8727126121521,5.1422810554504395,5.518205165863037,6.0089640617370605,6.6037211418151855,7.279834270477295,8.014595031738281,8.791471481323242,9.60036849975586,10.4356689453125,11.294448852539062,12.175172805786133,13.077049255371094,13.999656677246094,14.942739486694336,15.906171798706055,16.88984489440918,17.8936767578125,18.917621612548828,19.961605072021484,21.025636672973633,22.10965919494629,23.21364974975586,24.337583541870117,25.48142433166504,26.645193099975586,27.828859329223633,29.03239631652832,30.255815505981445,31.499059677124023,32.762176513671875,34.04514694213867,35.34794616699219,36.67057418823242,38.013004302978516,39.375282287597656,40.75737380981445,42.15926742553711,43.58097839355469,45.02246856689453,46.4837760925293,47.96488952636719,49.465797424316406,50.98649597167969,52.5269660949707
29,47.803836822509766,46.310096740722656,44.83613586425781,43.38193893432617,41.947532653808594,40.532901763916016,39.138057708740234,37.76298904418945,36.407691955566406,35.07219314575195,33.756473541259766,32.46054458618164,31.184404373168945,29.928049087524414,28.691492080688477,27.4747371673584,26.277795791625977,25.10066032409668,23.943340301513672,22.80586051940918,21.68822479248047,20.59044647216797,19.51254653930664,18.45454216003418,17.416475296020508,16.39837646484375,15.40029525756836,14.422294616699219,13.464456558227539,12.526905059814453,11.60983657836914,10.713569641113281,9.838739395141602,8.986669540405273,8.160247802734375,7.365731716156006,6.616209506988525,5.9364333152771,5.364978313446045,4.943589687347412,4.69162130355835,4.59332799911499,4.618153095245361,4.747382640838623,4.981805324554443,5.331876277923584,5.8015055656433105,6.379053592681885,7.04198694229126,7.767068386077881,8.536710739135742,9.339767456054688,10.169940948486328,11.023900985717773,11.899908065795898,12.79709243774414,13.714977264404297,14.65330696105957,15.611940383911133,16.590763092041016,17.589723587036133,18.608762741088867,19.647825241088867,20.70689582824707,21.785932540893555,22.884923934936523,24.00384521484375,25.142663955688477,26.301389694213867,27.479982376098633,28.6784610748291,29.89679527282715,31.13496971130371,32.39299774169922,33.670833587646484,34.968544006347656,36.28603744506836,37.62337112426758,38.98051071166992,40.35744094848633,41.75422286987305,43.17076873779297,44.60713195800781,46.063297271728516,47.539222717285156,49.034996032714844,50.55052185058594,52.085853576660156,53.64097213745117,55.21585464477539
30,50.21151351928711,48.68600082397461,47.18025588989258,45.694297790527344,44.228111267089844,42.78170394897461,41.355072021484375,39.948219299316406,38.56114196777344,37.193851470947266,35.846336364746094,34.51860427856445,33.210655212402344,31.9224910736084,30.654111862182617,29.4055233001709,28.176733016967773,26.967729568481445,25.77852439880371,24.6091365814209,23.459558486938477,22.329805374145508,21.219879150390625,20.129796981811523,19.059587478637695,18.009258270263672,16.978839874267578,15.968368530273438,14.97787857055664,14.0074462890625,13.057146072387695,12.127115249633789,11.217573165893555,10.32896614074707,9.462230682373047,8.619417190551758,7.805115222930908,7.029348850250244,6.312910556793213,5.694545269012451,5.232894420623779,4.988162517547607,4.986828327178955,5.210442066192627,5.617750644683838,6.164220333099365,6.810019016265869,7.524271488189697,8.286155700683594,9.083044052124023,9.907873153686523,10.756858825683594,11.628042221069336,12.520437240600586,13.433513641357422,14.367027282714844,15.320804595947266,16.29474639892578,17.288789749145508,18.302867889404297,19.336965560913086,20.391050338745117,21.465085983276367,22.559053421020508,23.672916412353516,24.80669403076172,25.960355758666992,27.133886337280273,28.3272762298584,29.540491104125977,30.773576736450195,32.026493072509766,33.29922866821289,34.591793060302734,35.90415954589844,37.236358642578125,38.588356018066406,39.960174560546875,41.35178756713867,42.76316833496094,44.19438552856445,45.64539337158203,47.116180419921875,48.60676956176758,50.117122650146484,51.64728546142578,53.19723892211914,54.766971588134766,56.35649871826172,57.965763092041016
31,52.671329498291016,51.11404037475586,49.57651901245117,48.05879592895508,46.560829162597656,45.08264923095703,43.624244689941406,42.18561553955078,40.76675796508789,39.36768341064453,37.9883918762207,36.628875732421875,35.28913497924805,33.969173431396484,32.66899871826172,31.388608932495117,30.128000259399414,28.887182235717773,27.6661434173584,26.464906692504883,25.28346061706543,24.1218204498291,22.97998809814453,21.85796356201172,20.75577163696289,19.673412322998047,18.610902786254883,17.56827163696289,16.545522689819336,15.542703628540039,14.559854507446289,13.597028732299805,12.654327392578125,11.731895446777344,10.83005142211914,9.949459075927734,9.09162712097168,8.260189056396484,7.4641499519348145,6.726510524749756,6.104554653167725,5.716090679168701,5.694371700286865,6.03468656539917,6.603921413421631,7.2907185554504395,8.040586471557617,8.830184936523438,9.649286270141602,10.493104934692383,11.359354019165039,12.246881484985352,13.155101776123047,14.083738327026367,15.032600402832031,16.001615524291992,16.990705490112305,17.99980926513672,19.028913497924805,20.077972412109375,21.14698028564453,22.23590087890625,23.344709396362305,24.47341537475586,25.621980667114258,26.790422439575195,27.978708267211914,29.186826705932617,30.414796829223633,31.66257667541504,32.93019104003906,34.21762466430664,35.52484130859375,36.85192108154297,38.19875717163086,39.56541442871094,40.951873779296875,42.35810852050781,43.7841796875,45.2299919128418,46.695621490478516,48.1810417175293,49.686222076416016,51.21124267578125,52.7559928894043,54.32054901123047,55.90489196777344,57.50899124145508,59.132930755615234,60.77659225463867
32,55.18317413330078,53.59410858154297,52.024837493896484,50.47532272338867,48.94560241699219,47.43564224243164,45.94546890258789,44.47507095336914,43.02444076538086,41.59359359741211,40.18252182006836,38.791229248046875,37.41971206665039,36.06796646118164,34.73600769042969,33.423828125,32.13142776489258,30.85881233215332,29.60597038269043,28.3729190826416,27.15965461730957,25.9661808013916,24.792499542236328,23.63861083984375,22.504528045654297,21.390260696411133,20.295804977416992,19.221179962158203,18.16638946533203,17.131460189819336,16.116416931152344,15.12127685546875,14.146089553833008,13.190916061401367,12.255876541137695,11.341190338134766,10.447385787963867,9.575885772705078,8.730951309204102,7.926882266998291,7.212954998016357,6.733174800872803,6.7094407081604,7.1445536613464355,7.818164348602295,8.585014343261719,9.394830703735352,10.232637405395508,11.093698501586914,11.976249694824219,12.879560470581055,13.803268432617188,14.747182846069336,15.711235046386719,16.695335388183594,17.699445724487305,18.723529815673828,19.76753807067871,20.83148956298828,21.915342330932617,23.019086837768555,24.1427059173584,25.286165237426758,26.449491500854492,27.632673263549805,28.83568000793457,30.05851936340332,31.301156997680664,32.56363296508789,33.84592056274414,35.14802169799805,36.46992111206055,37.81160354614258,39.17310333251953,40.55439758300781,41.95549392700195,43.37637710571289,44.817020416259766,46.27748107910156,47.75772476196289,49.25776672363281,50.77757263183594,52.31714630126953,53.87653350830078,55.45569610595703,57.05464553833008,58.67337417602539,60.31184768676758,61.97013473510742,63.648197174072266
33,57.74699783325195,56.12617111206055,54.525123596191406,52.94384765625,51.382354736328125,49.84062957763672,48.318687438964844,46.81651306152344,45.33411407470703,43.87149429321289,42.428653717041016,41.005584716796875,39.602298736572266,38.218772888183594,36.855037689208984,35.511077880859375,34.1869010925293,32.88249588012695,31.597867965698242,30.33302879333496,29.087968826293945,27.86269187927246,26.657197952270508,25.47148323059082,24.305570602416992,23.159446716308594,22.03312873840332,20.926610946655273,19.839895248413086,18.773012161254883,17.72595977783203,16.698753356933594,15.691417694091797,14.703977584838867,13.736488342285156,12.78903579711914,11.861835479736328,10.955574035644531,10.072816848754883,9.224340438842773,8.45562744140625,7.926260471343994,7.9157023429870605,8.420085906982422,9.159835815429688,9.978464126586914,10.831567764282227,11.708541870117188,12.606767654418945,13.525472640991211,14.464424133300781,15.423480987548828,16.402568817138672,17.40165138244629,18.420673370361328,19.459640502929688,20.51852035522461,21.597291946411133,22.695945739746094,23.814435958862305,24.95280647277832,26.11101722717285,27.28907585144043,28.48695182800293,29.704633712768555,30.94215202331543,32.19947814941406,33.47661590576172,34.773563385009766,36.09028625488281,37.42683029174805,38.78316879272461,40.15929412841797,41.55522155761719,42.97091293334961,44.406410217285156,45.861690521240234,47.33676528930664,48.83161544799805,50.346229553222656,51.88064956665039,53.43485641479492,55.00883483886719,56.602596282958984,58.21611404418945,59.849430084228516,61.50252914428711,63.175411224365234,64.86807250976562,66.58047485351562
34,60.36276626586914,58.71018600463867,57.077362060546875,55.46430969238281,53.871036529541016,52.29755401611328,50.74383544921875,49.20989990234375,47.69572830200195,46.20133972167969,44.72673034667969,43.271888732910156,41.83682632446289,40.421539306640625,39.026031494140625,37.650299072265625,36.294342041015625,34.958160400390625,33.641754150390625,32.345130920410156,31.068288803100586,29.811220169067383,28.573938369750977,27.35643196105957,26.158708572387695,24.98077392578125,23.822633743286133,22.684276580810547,21.565710067749023,20.46695327758789,19.387998580932617,18.328859329223633,17.289552688598633,16.27007484436035,15.270469665527344,14.290771484375,13.33108901977539,12.391847610473633,11.47494888305664,10.589704513549805,9.780607223510742,9.221200942993164,9.233003616333008,9.795042037963867,10.585550308227539,11.446050643920898,12.33707046508789,13.25037956237793,14.184246063232422,15.138252258300781,16.112306594848633,17.10633659362793,18.120309829711914,19.154205322265625,20.20798110961914,21.28165626525879,22.375200271606445,23.488597869873047,24.62184715270996,25.77491569519043,26.947832107543945,28.140573501586914,29.353132247924805,30.585500717163086,31.837656021118164,33.109642028808594,34.401424407958984,35.7130126953125,37.04438400268555,38.395530700683594,39.76649475097656,41.15724563598633,42.56778335571289,43.998104095458984,45.44819259643555,46.918087005615234,48.40776062011719,49.91721725463867,51.44645309448242,52.995445251464844,54.564247131347656,56.15282440185547,57.76118087768555,59.38931655883789,61.03719711303711,62.704891204833984,64.3923568725586,66.099609375,67.8266372680664,69.57339477539062
