,bound_0,bound_1,bound_2,bound_3,bound_4,bound_5,bound_6,bound_7,bound_8,bound_9,bound_10,bound_11,bound_12,bound_13,bound_14,bound_15,bound_16,bound_17,bound_18,bound_19,bound_20,bound_21,bound_22,bound_23,bound_24,bound_25,bound_26,bound_27,bound_28,bound_29,bound_30,bound_31,bound_32,bound_33,bound_34,bound_35,bound_36,bound_37,bound_38,bound_39,bound_40,bound_41,bound_42,bound_43,bound_44,bound_45,bound_46,bound_47,bound_48,bound_49,bound_50,bound_51,bound_52,bound_53,bound_54,bound_55,bound_56,bound_57,bound_58,bound_59,bound_60,bound_61,bound_62,bound_63,bound_64,bound_65,bound_66,bound_67,bound_68,bound_69,bound_70,bound_71,bound_72,bound_73,bound_74,bound_75,bound_76,bound_77,bound_78,bound_79,bound_80,bound_81,bound_82,bound_83,bound_84,bound_85,bound_86,bound_87,bound_88,bound_89,bound_90,bound_91,bound_92,bound_93,bound_94,bound_95,bound_96,bound_97,bound_98,bound_99,bound_100,bound_101,bound_102,bound_103,bound_104,bound_105,bound_106,bound_107,bound_108,bound_109,bound_110,bound_111,bound_112,bound_113,bound_114,bound_115,bound_116,bound_117,bound_118,bound_119,bound_120,bound_121,bound_122,bound_123,bound_124,bound_125,bound_126,bound_127,bound_128,bound_129
0,17.186304092407227,16.5627498626709,15.95638656616211,15.36717414855957,14.795064926147461,14.240011215209961,13.7019624710083,13.18086051940918,12.676647186279297,12.189263343811035,11.71864128112793,11.26470947265625,10.827388763427734,10.406600952148438,10.002256393432617,9.614263534545898,9.242521286010742,8.886919021606445,8.547343254089355,8.22366714477539,7.91575813293457,7.623466968536377,7.3466362953186035,7.085096836090088,6.838660717010498,6.6071271896362305,6.390275478363037,6.187865257263184,5.999637603759766,5.8253021240234375,5.664549350738525,5.517034530639648,5.382382392883301,5.260184288024902,5.149989128112793,5.051308631896973,4.9636077880859375,4.886306285858154,4.818778038024902,4.760344505310059,4.710284233093262,4.667825698852539,4.632155895233154,4.602424621582031,4.57775354385376,4.557242393493652,4.539981842041016,4.52507209777832,4.511631011962891,4.498821258544922,4.48586368560791,4.472067356109619,4.456849098205566,4.439761161804199,4.420514106750488,4.398996353149414,4.375288009643555,4.349662780761719,4.322577953338623,4.294653415679932,4.266635894775391,4.2393598556518555,4.2136969566345215,4.190511703491211,4.170617580413818,4.154728889465332,4.143443584442139,4.137199401855469,4.13627290725708,4.140754222869873,4.150545120239258,4.165365219116211,4.184744358062744,4.208049774169922,4.234500885009766,4.263190746307373,4.293142318725586,4.323331356048584,4.352755546569824,4.3804707527160645,4.405642509460449,4.427586078643799,4.445786476135254,4.45991325378418,4.469814300537109,4.4755096435546875,4.477171421051025,4.4751105308532715,4.469762802124023,4.461681842803955,4.451530456542969,4.4400811195373535,4.428206443786621,4.416873455047607,4.4071269035339355,4.400070667266846,4.396848201751709,4.398613929748535,4.40651273727417,4.421658515930176,4.445113182067871,4.477879524230957,4.520883560180664,4.57498025894165,4.640941619873047,4.7194671630859375,4.811178684234619,4.916632652282715,5.036319255828857,5.170672416687012,5.320074081420898,5.484861373901367,5.6653242111206055,5.861724376678467,6.07428503036499,6.303206920623779,6.548663139343262,6.8108015060424805,7.089761734008789,7.385654926300049,7.6985907554626465,8.028656005859375,8.37592887878418,8.740486145019531,9.122382164001465,9.52168083190918,9.938425064086914,10.37265682220459,10.824421882629395,11.293746948242188
1,16.127727508544922,15.533618927001953,14.956655502319336,14.396788597106934,13.853963851928711,13.328128814697266,12.819219589233398,12.327176094055176,11.8519287109375,11.393404006958008,10.951523780822754,10.526204109191895,10.11735725402832,9.724885940551758,9.348686218261719,8.988649368286133,8.644655227661133,8.316576957702637,8.004278182983398,7.707610607147217,7.42641544342041,7.160520553588867,6.909741401672363,6.673876762390137,6.452709674835205,6.2460036277771,6.053505897521973,5.874935150146484,5.709990978240967,5.558343887329102,5.4196343421936035,5.2934746742248535,5.179436683654785,5.077060699462891,4.985844135284424,4.905243873596191,4.834674835205078,4.773506164550781,4.721063613891602,4.676630973815918,4.639451026916504,4.608732223510742,4.583650588989258,4.563358306884766,4.546993255615234,4.5336833000183105,4.522560119628906,4.512763500213623,4.50345516204834,4.493828773498535,4.483119487762451,4.4706220626831055,4.455710411071777,4.437863349914551,4.416694641113281,4.3919830322265625,4.363704681396484,4.332054138183594,4.297455310821533,4.260553359985352,4.2221903800964355,4.1833648681640625,4.145177364349365,4.108772277832031,4.075284004211426,4.0457763671875,4.021208763122559,4.002390384674072,3.989962577819824,3.9843757152557373,3.985875368118286,3.994494676589966,4.0100483894348145,4.032131195068359,4.06011962890625,4.093180179595947,4.130287170410156,4.170250415802002,4.211758136749268,4.253433704376221,4.293902397155762,4.331871032714844,4.366203308105469,4.395980358123779,4.420550346374512,4.439541816711426,4.452859878540039,4.460651874542236,4.4632697105407715,4.461226463317871,4.455160140991211,4.445806980133057,4.433989524841309,4.42060661315918,4.406630992889404,4.393104553222656,4.381129741668701,4.371856689453125,4.3664631843566895,4.366135597229004,4.372045516967773,4.385327339172363,4.407063961029053,4.438272476196289,4.479894638061523,4.5327911376953125,4.59774112701416,4.675443649291992,4.766524314880371,4.871532917022705,4.990958213806152,5.125226020812988,5.274710178375244,5.439742088317871,5.620601177215576,5.817541599273682,6.030777931213379,6.260498046875,6.506870269775391,6.770034313201904,7.050121307373047,7.347236633300781,7.661475658416748,7.992926597595215,8.341656684875488,8.707738876342773,9.091225624084473,9.49216365814209,9.910604476928711,10.346578598022461
2,15.01639175415039,14.454678535461426,13.910053253173828,13.382455825805664,12.871828079223633,12.378103256225586,11.901212692260742,11.441078186035156,10.997621536254883,10.570754051208496,10.160384178161621,9.766412734985352,9.388731002807617,9.02722454071045,8.681769371032715,8.35223388671875,8.03847599029541,7.7403411865234375,7.457666397094727,7.190273761749268,6.937973499298096,6.700562000274658,6.477816581726074,6.269500255584717,6.07535457611084,5.895102500915527,5.7284440994262695,5.575052738189697,5.4345784187316895,5.306637763977051,5.190820693969727,5.086679458618164,4.993732452392578,4.911460876464844,4.8393049240112305,4.776666641235352,4.722906589508057,4.677347183227539,4.639273643493652,4.607935905456543,4.582557678222656,4.562336444854736,4.546454429626465,4.534083366394043,4.524393081665039,4.5165581703186035,4.509763717651367,4.5032124519348145,4.49613094329834,4.48777437210083,4.477439880371094,4.464475631713867,4.448304653167725,4.428444862365723,4.404544353485107,4.376407623291016,4.344029903411865,4.307621002197266,4.26761531829834,4.224666595458984,4.179627895355225,4.133512496948242,4.087448596954346,4.0426249504089355,4.0002360343933105,3.9614367485046387,3.9272971153259277,3.898772716522217,3.876675605773926,3.861659526824951,3.8542020320892334,3.85459566116333,3.862938404083252,3.8791239261627197,3.902834892272949,3.9335365295410156,3.970473289489746,4.012671947479248,4.058952808380127,4.107956886291504,4.158190727233887,4.208086967468262,4.256085395812988,4.300729751586914,4.340754985809326,4.375169277191162,4.40330696105957,4.424842834472656,4.4397735595703125,4.448370933532715,4.451120376586914,4.448658466339111,4.441727638244629,4.431140899658203,4.4177703857421875,4.402544021606445,4.386448860168457,4.370536804199219,4.355920314788818,4.343764305114746,4.335270881652832,4.331656455993652,4.334125518798828,4.343858242034912,4.361979007720947,4.389537811279297,4.427513122558594,4.47679328918457,4.538191795349121,4.6124267578125,4.700130462646484,4.801869869232178,4.918130397796631,5.049356937408447,5.195921897888184,5.358142852783203,5.536306858062744,5.730649948120117,5.94140100479126,6.168740749359131,6.412817478179932,6.673774719238281,6.951721668243408,7.2467827796936035,7.5590434074401855,7.8885722160339355,8.235442161560059,8.599701881408691,8.981427192687988,9.380657196044922
3,13.859403610229492,13.333309173583984,12.824223518371582,12.332082748413086,11.8568115234375,11.398334503173828,10.956565856933594,10.531416893005371,10.122790336608887,9.73058032989502,9.354671478271484,8.994945526123047,8.65127182006836,8.323509216308594,8.01150894165039,7.7151031494140625,7.434121608734131,7.168379783630371,6.9176740646362305,6.681789875030518,6.460494518280029,6.253543376922607,6.060667037963867,5.881580829620361,5.715977191925049,5.563525199890137,5.423871040344238,5.296630859375,5.181396484375,5.077726364135742,4.985146522521973,4.903151512145996,4.831196308135986,4.768704414367676,4.715060710906982,4.669614315032959,4.6316819190979,4.6005473136901855,4.575469017028809,4.5556817054748535,4.540403842926025,4.528842926025391,4.52020263671875,4.513686180114746,4.508506774902344,4.503886699676514,4.4990692138671875,4.493319988250732,4.485938549041748,4.476268291473389,4.463712215423584,4.447753429412842,4.427976608276367,4.404091835021973,4.3759565353393555,4.343593597412109,4.307198524475098,4.2671380043029785,4.223940372467041,4.178274154663086,4.130923271179199,4.082754611968994,4.034689903259277,3.987678050994873,3.942667007446289,3.900585174560547,3.8623175621032715,3.8286964893341064,3.8004798889160156,3.778341770172119,3.7628602981567383,3.7544994354248047,3.7536025047302246,3.7603697776794434,3.7748496532440186,3.7969226837158203,3.826279640197754,3.8624167442321777,3.904613971710205,3.951934337615967,4.003234386444092,4.057167053222656,4.112234592437744,4.166843414306641,4.219381332397461,4.2683234214782715,4.312328338623047,4.350330829620361,4.3816070556640625,4.405795097351074,4.422880172729492,4.433138370513916,4.437071800231934,4.435333251953125,4.4286699295043945,4.4178876876831055,4.403835773468018,4.38741397857666,4.369575500488281,4.35134744644165,4.333829402923584,4.318192481994629,4.305662155151367,4.297496795654297,4.29495906829834,4.299290657043457,4.311681270599365,4.333254814147949,4.36505126953125,4.40802001953125,4.463015556335449,4.530798435211182,4.612041473388672,4.707333564758301,4.8171892166137695,4.94205379486084,5.08231258392334,5.238296031951904,5.410292625427246,5.598546028137207,5.8032708168029785,6.024648189544678,6.262831211090088,6.5179595947265625,6.790144443511963,7.079490661621094,7.386083126068115,7.709992408752441,8.051289558410645,8.410025596618652
4,12.667230606079102,12.180257797241211,11.710190773010254,11.256952285766602,10.820453643798828,10.400598526000977,9.997284889221191,9.610404014587402,9.23983383178711,8.885444641113281,8.547094345092773,8.224634170532227,7.917901992797852,7.6267218589782715,7.350904941558838,7.09024715423584,6.8445353507995605,6.613536834716797,6.397002220153809,6.194666385650635,6.006242752075195,5.8314313888549805,5.669907569885254,5.521326541900635,5.385319709777832,5.2614946365356445,5.149433612823486,5.048691272735596,4.958794116973877,4.879237174987793,4.809486389160156,4.748974323272705,4.6971025466918945,4.653241157531738,4.616729736328125,4.586880207061768,4.5629801750183105,4.544295310974121,4.530076026916504,4.51956033706665,4.511981010437012,4.506569862365723,4.502558708190918,4.499192237854004,4.495723724365234,4.491428375244141,4.4856109619140625,4.477618217468262,4.466856956481934,4.452816009521484,4.435093879699707,4.413418769836426,4.387674808502197,4.357909202575684,4.324337005615234,4.287327766418457,4.247380256652832,4.205087661743164,4.161101341247559,4.116093158721924,4.070723533630371,4.025616645812988,3.9813520908355713,3.938458204269409,3.8974223136901855,3.8586997985839844,3.82273006439209,3.7899529933929443,3.7608165740966797,3.735785722732544,3.715336322784424,3.6999528408050537,3.69010591506958,3.6862387657165527,3.688737392425537,3.697904586791992,3.713937759399414,3.7368903160095215,3.766657829284668,3.8029427528381348,3.845235586166382,3.892807960510254,3.9446940422058105,3.999709129333496,4.056467533111572,4.113436222076416,4.169004917144775,4.221580982208252,4.26970100402832,4.312129020690918,4.347951412200928,4.376614570617676,4.397934436798096,4.412051200866699,4.419362545013428,4.420444011688232,4.415979862213135,4.406716346740723,4.393439292907715,4.376980781555176,4.358229637145996,4.338156700134277,4.3178253173828125,4.298397541046143,4.281118392944336,4.2672953605651855,4.258264064788818,4.255354881286621,4.259860038757324,4.273003101348877,4.295923233032227,4.3296613693237305,4.375150680541992,4.433224678039551,4.504610061645508,4.589947700500488,4.689785957336426,4.804600238800049,4.9347991943359375,5.080729961395264,5.242692947387695,5.420941352844238,5.615690231323242,5.8271284103393555,6.0554094314575195,6.300673007965088,6.5630316734313965,6.842581272125244,7.139411926269531,7.453590393066406
5,11.454533576965332,11.01047134399414,10.583169937133789,10.172534942626953,9.778453826904297,9.400809288024902,9.039470672607422,8.694299697875977,8.365141868591309,8.051834106445312,7.754197597503662,7.472038269042969,7.205150127410889,6.953309059143066,6.716274738311768,6.493791580200195,6.285583972930908,6.0913615226745605,5.910812854766846,5.743605613708496,5.589391231536865,5.447800636291504,5.31843900680542,5.200897693634033,5.094738006591797,4.999503135681152,4.91471004486084,4.839849948883057,4.774390697479248,4.717770576477051,4.669404029846191,4.628676414489746,4.594948768615723,4.567556858062744,4.545814514160156,4.529016971588135,4.516441822052002,4.507355213165283,4.501015663146973,4.496675968170166,4.493589401245117,4.491015911102295,4.488222122192383,4.4844970703125,4.479155540466309,4.471561908721924,4.4611430168151855,4.447416305541992,4.430015563964844,4.408716201782227,4.383454322814941,4.354337692260742,4.321648120880127,4.285821914672852,4.247424602508545,4.207110404968262,4.165583610534668,4.123547554016113,4.081668376922607,4.040541172027588,4.0006585121154785,3.9624009132385254,3.926030397415161,3.891695737838745,3.8594472408294678,3.8292622566223145,3.8010761737823486,3.774820327758789,3.7504587173461914,3.7280242443084717,3.707646131515503,3.6895689964294434,3.6741535663604736,3.661869525909424,3.653268575668335,3.64894962310791,3.6495203971862793,3.6555495262145996,3.667525291442871,3.6858162879943848,3.7106270790100098,3.741975784301758,3.7796597480773926,3.8232367038726807,3.872009754180908,3.92502760887146,3.981090545654297,4.038787841796875,4.096550941467285,4.152734279632568,4.205722808837891,4.254040241241455,4.296464920043945,4.332108974456787,4.360459327697754,4.381368637084961,4.3949995040893555,4.401752471923828,4.4021759033203125,4.396908283233643,4.386634349822998,4.372082710266113,4.354037284851074,4.333371162414551,4.311068534851074,4.288242816925049,4.2661333084106445,4.246084213256836,4.229509353637695,4.217848777770996,4.2125244140625,4.214903831481934,4.226265907287598,4.2477898597717285,4.280533313751221,4.325432777404785,4.383313179016113,4.4548845291137695,4.540768623352051,4.641489028930664,4.757490634918213,4.889156341552734,5.03680419921875,5.200713157653809,5.381111145019531,5.578191757202148,5.792119979858398,6.023031234741211,6.271052837371826,6.53627872467041
6,10.241172790527344,9.844067573547363,9.46351432800293,9.099387168884277,8.751543045043945,8.419830322265625,8.104081153869629,7.804111003875732,7.519721984863281,7.250697612762451,6.996804237365723,6.757789611816406,6.533382415771484,6.323291778564453,6.1272101402282715,5.944804668426514,5.775725841522217,5.619606018066406,5.47605562210083,5.344669818878174,5.225021839141846,5.116667747497559,5.0191473960876465,4.931982517242432,4.85467529296875,4.7867112159729,4.727555274963379,4.676653861999512,4.633432388305664,4.597294330596924,4.567622184753418,4.543777942657471,4.525101661682129,4.510914325714111,4.500521183013916,4.493211269378662,4.488263130187988,4.484946250915527,4.4825286865234375,4.480278491973877,4.477477550506592,4.473428726196289,4.467474460601807,4.459014892578125,4.44753360748291,4.432621479034424,4.414003372192383,4.391559600830078,4.365334987640381,4.335543632507324,4.302556037902832,4.266875267028809,4.229108810424805,4.189925670623779,4.150023460388184,4.1100873947143555,4.070763111114502,4.03262996673584,3.996181011199951,3.9618096351623535,3.929799795150757,3.9003231525421143,3.8734350204467773,3.849076271057129,3.827080011367798,3.8071820735931396,3.789039134979248,3.772254467010498,3.756413459777832,3.7411248683929443,3.726067304611206,3.7110400199890137,3.696000576019287,3.6810951232910156,3.6666712760925293,3.6532649993896484,3.6415741443634033,3.632408618927002,3.6266398429870605,3.625136613845825,3.628709077835083,3.63805890083313,3.653731346130371,3.6760804653167725,3.7052392959594727,3.7410953044891357,3.7832717895507812,3.8311192989349365,3.883711814880371,3.9398603439331055,3.998148202896118,4.056979656219482,4.114666938781738,4.169535160064697,4.220037460327148,4.264870643615723,4.303057670593262,4.333995819091797,4.357443809509277,4.373470306396484,4.382371425628662,4.384590148925781,4.380650520324707,4.371129035949707,4.356657028198242,4.337944984436035,4.315829277038574,4.291300296783447,4.265521049499512,4.2398200035095215,4.215659141540527,4.194584369659424,4.178171157836914,4.167967319488525,4.165449619293213,4.171985626220703,4.188816547393799,4.217046737670898,4.257647514343262,4.311454772949219,4.379185676574707,4.461451530456543,4.558765411376953,4.671567440032959,4.800220489501953,4.945028305053711,5.106249809265137,5.284093856811523,5.478747844696045,5.690359115600586
7,9.053297996520996,8.707374572753906,8.377683639526367,8.064051628112793,7.766290664672852,7.484194755554199,7.217535972595215,6.966067314147949,6.729520320892334,6.507602691650391,6.3000006675720215,6.106377601623535,5.926374435424805,5.759608268737793,5.605679512023926,5.464163780212402,5.334622383117676,5.216601371765137,5.109628677368164,5.013225555419922,4.926898002624512,4.8501458168029785,4.782458305358887,4.723316669464111,4.672191619873047,4.628542900085449,4.591813564300537,4.561433792114258,4.536813735961914,4.517343044281006,4.502389907836914,4.491300582885742,4.483398914337158,4.477991104125977,4.474365234375,4.471799373626709,4.4695658683776855,4.466943740844727,4.463230609893799,4.457759857177734,4.449923515319824,4.4391984939575195,4.4251708984375,4.407564163208008,4.386260986328125,4.361310958862305,4.332932472229004,4.301496505737305,4.2675018310546875,4.231541633605957,4.194260597229004,4.156319618225098,4.11836051940918,4.080977916717529,4.044700622558594,4.00998067855835,3.977186918258667,3.9466049671173096,3.9184415340423584,3.8928298950195312,3.86983060836792,3.849439859390259,3.831589460372925,3.816147804260254,3.80292010307312,3.7916460037231445,3.7820000648498535,3.7735939025878906,3.765981912612915,3.758676290512085,3.7511696815490723,3.7429680824279785,3.7336344718933105,3.72283673286438,3.710399866104126,3.696349859237671,3.680940628051758,3.664666175842285,3.6482386589050293,3.632556200027466,3.6186399459838867,3.607570171356201,3.6004199981689453,3.598189353942871,3.6017520427703857,3.611809730529785,3.628858804702759,3.6531591415405273,3.6847188472747803,3.723273754119873,3.768279552459717,3.8189094066619873,3.8740618228912354,3.932386875152588,3.992328405380249,4.052200794219971,4.110279083251953,4.164912700653076,4.214642524719238,4.258290767669678,4.295025825500488,4.324366569519043,4.346147060394287,4.360444068908691,4.367495059967041,4.367639541625977,4.361283302307129,4.34890604019165,4.331099033355713,4.308614730834961,4.282410144805908,4.2536725997924805,4.223808288574219,4.194402694702148,4.167157173156738,4.143815994262695,4.126095771789551,4.115629196166992,4.113923072814941,4.122331619262695,4.142047882080078,4.174107551574707,4.219394683837891,4.278663635253906,4.352546215057373,4.441567420959473,4.546165466308594,4.6667022705078125,4.803488731384277,4.956771373748779
8,7.9244232177734375,7.633884906768799,7.3590617179870605,7.0997138023376465,6.8555755615234375,6.626356601715088,6.411738395690918,6.211374759674072,6.024892330169678,5.851891994476318,5.691944599151611,5.544602394104004,5.409392356872559,5.285821914672852,5.1733903884887695,5.071580410003662,4.979874610900879,4.8977532386779785,4.824695110321045,4.760186672210693,4.7037153244018555,4.654776573181152,4.612860679626465,4.577460289001465,4.548053741455078,4.52410888671875,4.505070686340332,4.490359306335449,4.479364395141602,4.471446514129639,4.465934753417969,4.462131977081299,4.459320068359375,4.4567718505859375,4.45376443862915,4.449594497680664,4.443605422973633,4.43520450592041,4.423898696899414,4.409316062927246,4.391228675842285,4.369574069976807,4.344457626342773,4.3161468505859375,4.285055637359619,4.251710891723633,4.216719627380371,4.180726051330566,4.144376754760742,4.108283996582031,4.073000907897949,4.039005756378174,4.006688117980957,3.9763505458831787,3.9482080936431885,3.9223971366882324,3.898983955383301,3.877974271774292,3.8593251705169678,3.842954158782959,3.8287484645843506,3.8165736198425293,3.806276798248291,3.797694683074951,3.7906548976898193,3.784973621368408,3.7804574966430664,3.77689528465271,3.77405047416687,3.771655321121216,3.7693989276885986,3.76692271232605,3.763821840286255,3.759653329849243,3.7539618015289307,3.7463135719299316,3.7363498210906982,3.7238433361053467,3.7087552547454834,3.6912841796875,3.671889066696167,3.65128755569458,3.6304233074188232,3.6104092597961426,3.592456817626953,3.5777955055236816,3.5676026344299316,3.5629379749298096,3.5646955966949463,3.5735630989074707,3.589996099472046,3.6141984462738037,3.6461076736450195,3.685387134552002,3.731417655944824,3.7833051681518555,3.839888572692871,3.899771213531494,3.961369037628174,4.022980213165283,4.082880973815918,4.13942813873291,4.191163063049316,4.236897945404053,4.275754928588867,4.307170867919922,4.330848693847656,4.346696853637695,4.354765892028809,4.355202674865723,4.3482561111450195,4.334307670593262,4.313930988311768,4.2879557609558105,4.257507801055908,4.224005699157715,4.189126491546631,4.154727458953857,4.122754096984863,4.095146656036377,4.073763847351074,4.060321807861328,4.056360721588135,4.063234329223633,4.082107067108154,4.11396598815918,4.159638404846191,4.219815731048584,4.2950663566589355,4.38585901260376
9,6.895980358123779,6.664533615112305,6.447932720184326,6.245820999145508,6.057811260223389,5.883479595184326,5.722370147705078,5.573992729187012,5.437830924987793,5.313343048095703,5.199965953826904,5.097129821777344,5.0042572021484375,4.920775413513184,4.846123695373535,4.779757022857666,4.721155166625977,4.669817924499512,4.62526798248291,4.587045669555664,4.554697513580322,4.527771949768066,4.505804061889648,4.488306045532227,4.474754333496094,4.4645867347717285,4.457191467285156,4.451912879943848,4.44805383682251,4.444885730743408,4.441667079925537,4.437665939331055,4.432185173034668,4.4245924949646,4.414353370666504,4.401058673858643,4.38444709777832,4.3644208908081055,4.341052055358887,4.314570903778076,4.285347938537598,4.253867149353027,4.220686912536621,4.186408042907715,4.151636600494385,4.1169562339782715,4.082902908325195,4.049948215484619,4.01849365234375,3.9888603687286377,3.9612958431243896,3.9359734058380127,3.912996292114258,3.892404794692993,3.87418270111084,3.8582615852355957,3.8445281982421875,3.832829236984253,3.8229825496673584,3.81478214263916,3.8080108165740967,3.8024489879608154,3.7978856563568115,3.7941298484802246,3.7910163402557373,3.78841233253479,3.7862203121185303,3.7843735218048096,3.7828311920166016,3.7815659046173096,3.7805471420288086,3.779726266860962,3.779012441635132,3.7782554626464844,3.7772278785705566,3.775614023208618,3.7730116844177246,3.76894474029541,3.7628960609436035,3.7543580532073975,3.7428998947143555,3.7282423973083496,3.710329294204712,3.689383029937744,3.6659324169158936,3.640800952911377,3.6150639057159424,3.5899767875671387,3.566887378692627,3.5471506118774414,3.5320465564727783,3.5227200984954834,3.5201308727264404,3.525019645690918,3.5378894805908203,3.5589871406555176,3.588299512863159,3.625541925430298,3.670161008834839,3.7213294506073,3.7779622077941895,3.838731288909912,3.902108907699585,3.966423988342285,4.029940605163574,4.090954780578613,4.147886276245117,4.199363708496094,4.2442779541015625,4.281791687011719,4.311315536499023,4.332454681396484,4.344969749450684,4.3487443923950195,4.343810081481934,4.33040189743042,4.309033393859863,4.280575752258301,4.2462897300720215,4.207812786102295,4.167088031768799,4.126253128051758,4.087518215179443,4.05305290222168,4.024889945983887,4.004876136779785,3.99463152885437,3.9955530166625977,4.008815765380859,4.035399913787842
10,6.016164302825928,5.845925807952881,5.688992500305176,5.544828414916992,5.412859916687012,5.292477607727051,5.18304443359375,5.0839080810546875,4.9944071769714355,4.913890361785889,4.841724395751953,4.777307987213135,4.720081329345703,4.6695332527160645,4.625197887420654,4.586656093597412,4.55352258682251,4.5254316329956055,4.502020835876465,4.48291015625,4.467686653137207,4.4558844566345215,4.4469757080078125,4.440362453460693,4.435380935668945,4.431309700012207,4.427390098571777,4.422854423522949,4.416961669921875,4.4090375900268555,4.3985185623168945,4.384984016418457,4.368186950683594,4.348069667816162,4.32475471496582,4.29853630065918,4.269837856292725,4.2391815185546875,4.207139015197754,4.17429256439209,4.141201019287109,4.108372688293457,4.076253890991211,4.0452165603637695,4.015565872192383,3.987542152404785,3.961332082748413,3.937079429626465,3.9148917198181152,3.8948473930358887,3.87699556350708,3.861356258392334,3.847917079925537,3.83662486076355,3.8273849487304688,3.820054054260254,3.814443588256836,3.8103232383728027,3.8074309825897217,3.805483818054199,3.8041985034942627,3.803304672241211,3.802565097808838,3.8017890453338623,3.8008387088775635,3.799638032913208,3.7981669902801514,3.7964560985565186,3.794574737548828,3.792619466781616,3.790698766708374,3.7889223098754883,3.7873849868774414,3.786159038543701,3.7852790355682373,3.784731388092041,3.784440040588379,3.7842507362365723,3.783919095993042,3.7830984592437744,3.7813379764556885,3.7780935764312744,3.772754669189453,3.764695167541504,3.7533419132232666,3.738259792327881,3.71923828125,3.696366310119629,3.670074939727783,3.641143321990967,3.6106581687927246,3.579941749572754,3.5504539012908936,3.5236940383911133,3.501108169555664,3.484015464782715,3.4735546112060547,3.470644950866699,3.475965738296509,3.4899446964263916,3.512747287750244,3.544276237487793,3.5841665267944336,3.6317830085754395,3.6862242221832275,3.746333599090576,3.8107190132141113,3.877793312072754,3.945833683013916,4.013055324554443,4.077703952789307,4.138137340545654,4.192897319793701,4.24074649810791,4.280667304992676,4.3118391036987305,4.333601951599121,4.345446586608887,4.347042083740234,4.338311195373535,4.3195366859436035,4.2914605140686035,4.255341529846191,4.2129364013671875,4.166412353515625,4.118199348449707,4.070825576782227,4.026764869689941,3.9883291721343994,3.9575867652893066
11,5.3336005210876465,5.222630500793457,5.12223482131958,5.031653881072998,4.950119972229004,4.876876354217529,4.811196327209473,4.752404689788818,4.699889659881592,4.6531219482421875,4.611651420593262,4.575109481811523,4.543188571929932,4.515627861022949,4.492185592651367,4.472609519958496,4.456608772277832,4.443830490112305,4.433837890625,4.42609977722168,4.419990539550781,4.414799690246582,4.409755229949951,4.404060363769531,4.396937847137451,4.3876848220825195,4.37572717666626,4.360663414001465,4.342299461364746,4.320662021636963,4.295989036560059,4.268694877624512,4.239325523376465,4.208504676818848,4.176873207092285,4.1450419425964355,4.113552570343018,4.082853317260742,4.053289413452148,4.025103569030762,3.9984490871429443,3.9734086990356445,3.950016498565674,3.9282829761505127,3.9082112312316895,3.8898143768310547,3.8731212615966797,3.8581759929656982,3.845033884048462,3.8337485790252686,3.8243567943573,3.816865921020508,3.8112387657165527,3.807384967803955,3.80515718460083,3.8043487071990967,3.8047056198120117,3.8059351444244385,3.807722806930542,3.8097543716430664,3.811734199523926,3.8134071826934814,3.81457257270813,3.8150956630706787,3.8149125576019287,3.8140273094177246,3.812500476837158,3.810438871383667,3.8079757690429688,3.805255651473999,3.8024184703826904,3.799588918685913,3.7968709468841553,3.794346570968628,3.7920780181884766,3.7901127338409424,3.7884914875030518,3.787248134613037,3.786410331726074,3.785989284515381,3.785968065261841,3.7862751483917236,3.7867605686187744,3.7871673107147217,3.7871084213256836,3.7860541343688965,3.7833406925201416,3.7782015800476074,3.769831418991089,3.757478713989258,3.7405591011047363,3.7187702655792236,3.692187786102295,3.66131591796875,3.6270861625671387,3.5907933712005615,3.5539956092834473,3.5183894634246826,3.485684394836426,3.4575042724609375,3.4353017807006836,3.4203124046325684,3.4135208129882812,3.415647029876709,3.427142381668091,3.448190212249756,3.4787044525146484,3.5183327198028564,3.5664544105529785,3.6221871376037598,3.6843931674957275,3.751699447631836,3.8225293159484863,3.895155191421509,3.9677581787109375,4.038508892059326,4.105633735656738,4.167473793029785,4.2225165367126465,4.269394397735596,4.3068742752075195,4.333850860595703,4.3493804931640625,4.35276985168457,4.343713760375977,4.322451591491699,4.289888858795166,4.247627258300781,4.197889804840088,4.143348217010498
12,4.877936840057373,4.815760135650635,4.759926795959473,4.709691047668457,4.664412498474121,4.62357234954834,4.58677864074707,4.553755760192871,4.524324417114258,4.4983673095703125,4.475791931152344,4.456489562988281,4.440295219421387,4.426957607269287,4.416111946105957,4.407270431518555,4.399825572967529,4.393064022064209,4.38620138168335,4.378429889678955,4.368975639343262,4.357165336608887,4.342485427856445,4.324636459350586,4.303554534912109,4.279419898986816,4.252627372741699,4.223739147186279,4.193424701690674,4.162387371063232,4.131308555603027,4.100791931152344,4.071327209472656,4.043277740478516,4.016868591308594,3.992206573486328,3.969294548034668,3.9480628967285156,3.9284017086029053,3.910188674926758,3.8933184146881104,3.877718925476074,3.8633627891540527,3.8502683639526367,3.838491201400757,3.828111410140991,3.819215774536133,3.811880588531494,3.806154489517212,3.8020474910736084,3.799520969390869,3.798487424850464,3.7988078594207764,3.8003017902374268,3.8027520179748535,3.805914878845215,3.809535264968872,3.813352108001709,3.8171169757843018,3.82059907913208,3.8236005306243896,3.8259615898132324,3.827568531036377,3.828357458114624,3.828315258026123,3.8274779319763184,3.8259236812591553,3.823763370513916,3.8211300373077393,3.818164825439453,3.815002202987671,3.8117611408233643,3.808534622192383,3.805385112762451,3.8023440837860107,3.799420118331909,3.7966060638427734,3.793893575668335,3.7912862300872803,3.78881573677063,3.786545753479004,3.7845802307128906,3.783052444458008,3.782111644744873,3.7818987369537354,3.7825100421905518,3.783961296081543,3.7861430644989014,3.7887823581695557,3.7914111614227295,3.793349266052246,3.793712854385376,3.791456460952759,3.785456895828247,3.7746329307556152,3.758099317550659,3.735323905944824,3.7062559127807617,3.671398401260376,3.631798267364502,3.588960886001587,3.544711112976074,3.501028537750244,3.4598941802978516,3.423168182373047,3.392500877380371,3.3692846298217773,3.3546295166015625,3.3493590354919434,3.354017496109009,3.368877410888672,3.393949508666992,3.4289910793304443,3.4735093116760254,3.5267672538757324,3.5877902507781982,3.65537428855896,3.7281103134155273,3.804408550262451,3.8825416564941406,3.960690498352051,4.036989688873291,4.109562873840332,4.176551342010498,4.236109733581543,4.286417007446289,4.325694561004639,4.352288246154785,4.3648176193237305,4.362393856048584
13,4.620844841003418,4.586402893066406,4.55451774597168,4.525110244750977,4.498208999633789,4.4738945960998535,4.45224666595459,4.43328857421875,4.416943073272705,4.403000831604004,4.391104698181152,4.380745887756348,4.371284484863281,4.3619842529296875,4.3520636558532715,4.340760707855225,4.327404022216797,4.311479091644287,4.292684078216553,4.270957946777344,4.246488571166992,4.219682216644287,4.191112518310547,4.161456108093262,4.131420612335205,4.10167932510376,4.072816848754883,4.045295715332031,4.01943302154541,3.9954006671905518,3.973238468170166,3.9528777599334717,3.934171199798584,3.916933536529541,3.900969982147217,3.886115550994873,3.872251510620117,3.859321117401123,3.847330093383789,3.836337089538574,3.826439142227173,3.817748546600342,3.810370922088623,3.804387331008911,3.7998383045196533,3.7967164516448975,3.794963836669922,3.794475793838501,3.7951114177703857,3.7967028617858887,3.799069881439209,3.8020310401916504,3.805413246154785,3.80906081199646,3.8128373622894287,3.81662654876709,3.8203296661376953,3.8238637447357178,3.8271548748016357,3.830134630203247,3.8327364921569824,3.834897756576538,3.836557149887085,3.837660312652588,3.838162422180176,3.8380353450775146,3.837271213531494,3.8358864784240723,3.8339245319366455,3.831451654434204,3.828556537628174,3.8253402709960938,3.8219077587127686,3.8183581829071045,3.8147735595703125,3.811213493347168,3.807708978652954,3.804262399673462,3.800854444503784,3.797452926635742,3.7940282821655273,3.7905690670013428,3.7870993614196777,3.783689022064209,3.7804653644561768,3.777606964111328,3.7753398418426514,3.7739155292510986,3.7735841274261475,3.7745611667633057,3.7769885063171387,3.780891180038452,3.786137819290161,3.79239821434021,3.7991151809692383,3.805483818054199,3.8104591369628906,3.8127923011779785,3.811112642288208,3.8040542602539062,3.7904224395751953,3.7693779468536377,3.740600109100342,3.704390287399292,3.6616921424865723,3.614006280899048,3.563246250152588,3.5115504264831543,3.4611008167266846,3.4139785766601562,3.3720569610595703,3.336947441101074,3.309968948364258,3.292149066925049,3.2842352390289307,3.286712884902954,3.2998199462890625,3.3235621452331543,3.3577237129211426,3.4018759727478027,3.455381393432617,3.517394542694092,3.5868701934814453,3.662569999694824,3.7430672645568848,3.826766014099121,3.9119057655334473,3.9965710639953613,4.0786919593811035,4.15603494644165
14,4.463852882385254,4.440212249755859,4.418765068054199,4.399567127227783,4.382504463195801,4.36728572845459,4.353450775146484,4.340402603149414,4.32745361328125,4.31389045715332,4.299045562744141,4.282369613647461,4.26349401473999,4.242271423339844,4.218789100646973,4.193357467651367,4.166461944580078,4.1387038230896,4.11073112487793,4.08316707611084,4.056560516357422,4.031336784362793,4.007777690887451,3.9860169887542725,3.966045379638672,3.9477410316467285,3.9308977127075195,3.915268898010254,3.9006052017211914,3.886693239212036,3.873387336730957,3.8606228828430176,3.8484251499176025,3.836897611618042,3.826202392578125,3.8165366649627686,3.808098554611206,3.801063060760498,3.7955565452575684,3.791640043258667,3.789303779602051,3.7884628772735596,3.788968086242676,3.790616035461426,3.793168306350708,3.7963695526123047,3.799968719482422,3.8037328720092773,3.8074681758880615,3.811022996902466,3.8142967224121094,3.8172407150268555,3.8198506832122803,3.8221607208251953,3.8242321014404297,3.8261425495147705,3.827974557876587,3.8298025131225586,3.831686019897461,3.8336586952209473,3.835725784301758,3.837857246398926,3.839992046356201,3.8420374393463135,3.843876838684082,3.8453798294067383,3.846411943435669,3.8468475341796875,3.8465867042541504,3.8455617427825928,3.843749761581421,3.841174840927124,3.837909460067749,3.8340647220611572,3.8297834396362305,3.825220823287964,3.8205344676971436,3.8158624172210693,3.8113138675689697,3.806959390640259,3.802825927734375,3.7989017963409424,3.7951436042785645,3.7914907932281494,3.7878832817077637,3.784282684326172,3.780686855316162,3.7771482467651367,3.773778200149536,3.7707505226135254,3.7682907581329346,3.766660451889038,3.766134023666382,3.766972541809082,3.76938796043396,3.773514747619629,3.779374361038208,3.7868452072143555,3.7956323623657227,3.8052408695220947,3.8149595260620117,3.823853015899658,3.8307766914367676,3.834418535232544,3.8333804607391357,3.8262970447540283,3.811990737915039,3.7896413803100586,3.758934736251831,3.7201623916625977,3.6742348670959473,3.622615337371826,3.567178249359131,3.510037422180176,3.4533755779266357,3.3992984294891357,3.3497350215911865,3.306373357772827,3.270634412765503,3.2436680793762207,3.2263643741607666,3.219369411468506,3.223104953765869,3.2377848625183105,3.2634270191192627,3.2998642921447754,3.3467440605163574,3.4035332202911377,3.469513416290283,3.5437726974487305
15,4.328388690948486,4.310283660888672,4.292604446411133,4.274747848510742,4.256155967712402,4.236387729644775,4.215173721313477,4.1924519538879395,4.168374061584473,4.143281936645508,4.117657661437988,4.0920634269714355,4.067070007324219,4.0431928634643555,4.020839214324951,4.000270843505859,3.981590747833252,3.964735507965088,3.949502944946289,3.935579299926758,3.9225873947143555,3.910137176513672,3.8978769779205322,3.8855414390563965,3.872983694076538,3.86019229888916,3.847290277481079,3.8345141410827637,3.82218337059021,3.8106579780578613,3.8002989292144775,3.7914295196533203,3.7843053340911865,3.7790963649749756,3.775871992111206,3.7746033668518066,3.7751688957214355,3.7773661613464355,3.7809300422668457,3.785552501678467,3.7909038066864014,3.79665207862854,3.8024842739105225,3.8081212043762207,3.8133301734924316,3.817931652069092,3.8218071460723877,3.8248953819274902,3.8271915912628174,3.8287410736083984,3.8296303749084473,3.8299813270568848,3.829939842224121,3.8296666145324707,3.8293285369873047,3.829089403152466,3.8291015625,3.8294944763183594,3.8303706645965576,3.831794261932373,3.833786725997925,3.8363234996795654,3.839329719543457,3.8426835536956787,3.846219539642334,3.8497378826141357,3.8530139923095703,3.8558170795440674,3.857924461364746,3.8591392040252686,3.859307289123535,3.858330011367798,3.8561768531799316,3.8528835773468018,3.848555088043213,3.8433547019958496,3.8374905586242676,3.8312020301818848,3.824735403060913,3.8183302879333496,3.812199592590332,3.806511878967285,3.801384687423706,3.796875476837158,3.7929821014404297,3.789644718170166,3.7867634296417236,3.7842040061950684,3.7818284034729004,3.779505968093872,3.77714204788208,3.774693727493286,3.7721803188323975,3.7696917057037354,3.7673826217651367,3.7654635906219482,3.764180898666382,3.7637951374053955,3.7645561695098877,3.766677141189575,3.7703123092651367,3.7755353450775146,3.7823214530944824,3.790531873703003,3.7999000549316406,3.8100180625915527,3.820324659347534,3.8300974369049072,3.8384487628936768,3.8443338871002197,3.84658145904541,3.843947649002075,3.8352065086364746,3.819272756576538,3.795344114303589,3.76304292678833,3.722522735595703,3.674513578414917,3.620290756225586,3.5615744590759277,3.500380516052246,3.438861131668091,3.3791563510894775,3.32327938079834,3.273040771484375,3.230008602142334,3.195492744445801,3.170551300048828,3.156002998352051,3.1524462699890137
16,4.143589973449707,4.118832111358643,4.094065189361572,4.069723129272461,4.046302795410156,4.0243024826049805,4.004157543182373,3.9861865043640137,3.970552444458008,3.957237720489502,3.9460411071777344,3.936591148376465,3.928379774093628,3.9208106994628906,3.9132614135742188,3.905156135559082,3.8960282802581787,3.885580539703369,3.8737165927886963,3.8605496883392334,3.8463857173919678,3.8316802978515625,3.816984176635742,3.8028814792633057,3.7899324893951416,3.778628349304199,3.769355297088623,3.762376070022583,3.7578227519989014,3.755699634552002,3.7558960914611816,3.758204460144043,3.762340784072876,3.7679693698883057,3.7747230529785156,3.782230854034424,3.7901315689086914,3.798093557357788,3.805823564529419,3.8130760192871094,3.8196568489074707,3.8254191875457764,3.830265522003174,3.834139108657837,3.837023973464966,3.838934898376465,3.8399202823638916,3.840054512023926,3.8394393920898438,3.8381996154785156,3.8364837169647217,3.834455966949463,3.8322956562042236,3.8301870822906494,3.8283162117004395,3.8268566131591797,3.825967311859131,3.825777053833008,3.826382637023926,3.8278400897979736,3.8301584720611572,3.8333003520965576,3.8371784687042236,3.8416588306427,3.8465662002563477,3.8516886234283447,3.8567872047424316,3.8616065979003906,3.8658885955810547,3.8693838119506836,3.8718674182891846,3.8731510639190674,3.8730952739715576,3.871619701385498,3.868708610534668,3.8644137382507324,3.858853816986084,3.8522086143493652,3.8447091579437256,3.8366267681121826,3.8282575607299805,3.819905996322632,3.8118669986724854,3.8044116497039795,3.79776668548584,3.792105197906494,3.7875332832336426,3.7840826511383057,3.7817094326019287,3.7802963256835938,3.7796642780303955,3.7795822620391846,3.779792070388794,3.780032157897949,3.780062437057495,3.779689073562622,3.77878737449646,3.7773139476776123,3.775315284729004,3.772919178009033,3.7703254222869873,3.7677860260009766,3.7655797004699707,3.7639899253845215,3.7632813453674316,3.763681650161743,3.7653682231903076,3.768458127975464,3.7730042934417725,3.778991937637329,3.78633451461792,3.794870376586914,3.804352283477783,3.8144335746765137,3.82464599609375,3.8343753814697266,3.84283709526062,3.8490588665008545,3.851881742477417,3.849996328353882,3.842020273208618,3.8266286849975586,3.8027262687683105,3.7696373462677,3.7272708415985107,3.6762137413024902,3.6177282333374023,3.5536460876464844,3.4861903190612793,3.4177775382995605
17,3.935238838195801,3.9267406463623047,3.9209418296813965,3.917407512664795,3.915534019470215,3.9145803451538086,3.9137258529663086,3.9121391773223877,3.9090590476989746,3.903873920440674,3.8961899280548096,3.8858749866485596,3.8730673789978027,3.8581581115722656,3.841733455657959,3.8245112895965576,3.807262420654297,3.790740966796875,3.7756266593933105,3.762483596801758,3.751734972000122,3.743654489517212,3.73836612701416,3.735856533050537,3.7359907627105713,3.738534450531006,3.743175506591797,3.749549388885498,3.757263422012329,3.7659170627593994,3.775127410888672,3.7845404148101807,3.793849229812622,3.8027989864349365,3.8111915588378906,3.8188819885253906,3.8257758617401123,3.831815719604492,3.836975574493408,3.841247320175171,3.8446340560913086,3.8471450805664062,3.8487915992736816,3.849590539932251,3.8495678901672363,3.848763942718506,3.8472392559051514,3.845081090927124,3.8424031734466553,3.839348554611206,3.836082696914673,3.8327884674072266,3.829655885696411,3.826871633529663,3.824608087539673,3.8230156898498535,3.822213649749756,3.822284460067749,3.8232734203338623,3.825186252593994,3.827991008758545,3.831622362136841,3.8359832763671875,3.8409502506256104,3.84637713432312,3.852097272872925,3.8579299449920654,3.8636789321899414,3.8691413402557373,3.8741087913513184,3.8783724308013916,3.881732940673828,3.8840043544769287,3.8850247859954834,3.8846659660339355,3.882840633392334,3.879512071609497,3.8747012615203857,3.868488311767578,3.861015558242798,3.8524839878082275,3.843147039413452,3.833298444747925,3.8232626914978027,3.8133766651153564,3.803976058959961,3.7953758239746094,3.787856101989746,3.781644821166992,3.776907205581665,3.773732900619507,3.7721309661865234,3.7720236778259277,3.773247480392456,3.7755603790283203,3.7786519527435303,3.7821619510650635,3.785700559616089,3.788878917694092,3.791337490081787,3.7927751541137695,3.792978525161743,3.791836738586426,3.7893528938293457,3.7856438159942627,3.7809250354766846,3.7754921913146973,3.7696926593780518,3.763899803161621,3.7584855556488037,3.753798246383667,3.7501490116119385,3.7477986812591553,3.746957302093506,3.747783660888672,3.7503881454467773,3.754838466644287,3.7611591815948486,3.7693328857421875,3.779289484024048,3.790891408920288,3.803908586502075,3.817984104156494,3.832590103149414,3.8469834327697754,3.8601605892181396,3.870833158493042,3.877432346343994,3.878173589706421,3.871189594268799
18,3.9152913093566895,3.914682149887085,3.9106667041778564,3.9030532836914062,3.8919525146484375,3.877755880355835,3.8610830307006836,3.8427088260650635,3.823483467102051,3.8042562007904053,3.785815954208374,3.768846035003662,3.7538976669311523,3.741379499435425,3.7315561771392822,3.7245588302612305,3.7203962802886963,3.718972682952881,3.720104455947876,3.7235357761383057,3.7289586067199707,3.736027717590332,3.744378089904785,3.7536394596099854,3.7634549140930176,3.7734909057617188,3.783453941345215,3.7930960655212402,3.8022239208221436,3.810698986053467,3.8184354305267334,3.82539439201355,3.8315720558166504,3.83699107170105,3.841686487197876,3.845695734024048,3.8490498065948486,3.8517661094665527,3.853846788406372,3.8552815914154053,3.8560495376586914,3.856131076812744,3.855511426925659,3.8541948795318604,3.852210760116577,3.8496198654174805,3.846517562866211,3.843031406402588,3.839318037033081,3.8355517387390137,3.8319151401519775,3.828587055206299,3.825730323791504,3.823482036590576,3.8219470977783203,3.8211939334869385,3.8212547302246094,3.8221261501312256,3.8237788677215576,3.8261587619781494,3.829200267791748,3.8328261375427246,3.8369574546813965,3.8415136337280273,3.8464157581329346,3.8515827655792236,3.8569295406341553,3.862363338470459,3.8677802085876465,3.8730592727661133,3.8780641555786133,3.8826401233673096,3.88661789894104,3.889817237854004,3.8920578956604004,3.893164873123169,3.892983913421631,3.8913915157318115,3.8883068561553955,3.8837034702301025,3.877613067626953,3.8701319694519043,3.861419200897217,3.8516900539398193,3.8412108421325684,3.830282688140869,3.819230556488037,3.8083903789520264,3.798091411590576,3.7886483669281006,3.7803454399108887,3.7734293937683105,3.7681002616882324,3.7645013332366943,3.7627153396606445,3.762754440307617,3.764557123184204,3.7679800987243652,3.7728002071380615,3.7787106037139893,3.7853305339813232,3.7922163009643555,3.798882007598877,3.8048253059387207,3.809562921524048,3.8126673698425293,3.813803195953369,3.8127596378326416,3.8094704151153564,3.8040215969085693,3.7966442108154297,3.787691116333008,3.7776072025299072,3.76689076423645,3.7560582160949707,3.745610237121582,3.7360072135925293,3.727651834487915,3.7208807468414307,3.7159652709960938,3.713114023208618,3.7124814987182617,3.714179277420044,3.7182819843292236,3.7248363494873047,3.7338614463806152,3.745346784591675,3.7592415809631348,3.775439500808716,3.793750524520874
19,3.823249101638794,3.802927017211914,3.7836434841156006,3.7659900188446045,3.7504074573516846,3.737191915512085,3.7265090942382812,3.7184133529663086,3.7128708362579346,3.709777593612671,3.7089805603027344,3.7102911472320557,3.713496208190918,3.7183656692504883,3.7246572971343994,3.732119560241699,3.740495443344116,3.749525308609009,3.7589542865753174,3.7685365676879883,3.7780487537384033,3.787294387817383,3.7961132526397705,3.8043882846832275,3.812042236328125,3.8190407752990723,3.8253817558288574,3.8310883045196533,3.8361988067626953,3.84075665473938,3.844801187515259,3.8483622074127197,3.8514554500579834,3.854084014892578,3.8562357425689697,3.857889175415039,3.8590168952941895,3.8595893383026123,3.859581470489502,3.8589775562286377,3.8577775955200195,3.856001853942871,3.8536934852600098,3.850922107696533,3.8477818965911865,3.8443896770477295,3.840879440307617,3.8373947143554688,3.834080219268799,3.8310706615448,3.8284859657287598,3.826420545578003,3.8249399662017822,3.8240816593170166,3.82384991645813,3.8242266178131104,3.8251702785491943,3.8266260623931885,3.828531503677368,3.8308255672454834,3.833451509475708,3.836362361907959,3.8395252227783203,3.84291934967041,3.8465352058410645,3.8503708839416504,3.854426145553589,3.8586971759796143,3.863168239593506,3.867805004119873,3.872549295425415,3.8773136138916016,3.88197922706604,3.886397123336792,3.8903911113739014,3.8937675952911377,3.896324634552002,3.8978641033172607,3.898207902908325,3.8972113132476807,3.8947739601135254,3.8908514976501465,3.8854575157165527,3.878666877746582,3.870609998703003,3.861467123031616,3.851457357406616,3.8408262729644775,3.829838752746582,3.8187649250030518,3.8078744411468506,3.7974295616149902,3.787679672241211,3.778859853744507,3.7711877822875977,3.764859199523926,3.7600479125976562,3.7569000720977783,3.755526542663574,3.7559971809387207,3.758329391479492,3.7624778747558594,3.7683238983154297,3.7756636142730713,3.7842023372650146,3.7935543060302734,3.80324387550354,3.8127238750457764,3.8214006423950195,3.8286678791046143,3.8339524269104004,3.8367624282836914,3.8367323875427246,3.8336639404296875,3.8275444507598877,3.818554162979126,3.8070473670959473,3.793519973754883,3.778566598892212,3.762830972671509,3.746961832046509,3.731574058532715,3.7172210216522217,3.704375982284546,3.6934268474578857,3.684674024581909,3.678339958190918,3.67457914352417,3.6734910011291504,3.6751325130462646
20,3.705720901489258,3.704695463180542,3.7053561210632324,3.7074546813964844,3.7107675075531006,3.7151029109954834,3.720299482345581,3.7262234687805176,3.732760190963745,3.7398016452789307,3.7472424507141113,3.7549703121185303,3.7628653049468994,3.770805597305298,3.7786669731140137,3.7863388061523438,3.7937262058258057,3.8007586002349854,3.8073949813842773,3.813619613647461,3.819439172744751,3.8248753547668457,3.8299560546875,3.834705352783203,3.839136838912964,3.843249797821045,3.8470287322998047,3.8504440784454346,3.8534560203552246,3.85602068901062,3.8580965995788574,3.859647750854492,3.8606488704681396,3.861090660095215,3.8609771728515625,3.86033034324646,3.859187126159668,3.8575997352600098,3.855634927749634,3.8533692359924316,3.850886821746826,3.8482770919799805,3.845628261566162,3.8430263996124268,3.840548276901245,3.838261365890503,3.8362200260162354,3.8344645500183105,3.8330225944519043,3.831909418106079,3.8311285972595215,3.8306758403778076,3.8305416107177734,3.830709934234619,3.8311612606048584,3.8318731784820557,3.832822799682617,3.833984375,3.8353328704833984,3.836843967437744,3.8384976387023926,3.840280532836914,3.842186689376831,3.844224452972412,3.8464107513427734,3.8487765789031982,3.851360321044922,3.854206085205078,3.8573522567749023,3.8608272075653076,3.8646392822265625,3.868767023086548,3.873154401779175,3.8777072429656982,3.882291793823242,3.8867406845092773,3.8908607959747314,3.894444465637207,3.8972833156585693,3.899184465408325,3.899984836578369,3.8995611667633057,3.8978397846221924,3.894798755645752,3.8904669284820557,3.884917974472046,3.878263235092163,3.870640993118286,3.86220645904541,3.85312557220459,3.8435661792755127,3.8336963653564453,3.8236825466156006,3.813689947128296,3.8038830757141113,3.7944281101226807,3.7854957580566406,3.777259349822998,3.76989483833313,3.763580560684204,3.758491039276123,3.7547950744628906,3.752643346786499,3.7521681785583496,3.753466844558716,3.7565956115722656,3.7615556716918945,3.7682807445526123,3.776627540588379,3.786362648010254,3.7971580028533936,3.8085880279541016,3.8201353549957275,3.831207275390625,3.841160774230957,3.8493399620056152,3.85512113571167,3.857966661453247,3.8574700355529785,3.8534040451049805,3.845742702484131,3.834667444229126,3.820556640625,3.8039474487304688,3.7854931354522705,3.7659103870391846,3.7459306716918945,3.726257562637329,3.707531213760376,3.690310001373291
21,3.7399492263793945,3.745706558227539,3.751387596130371,3.756990432739258,3.762514591217041,3.767958879470825,3.7733187675476074,3.7785890102386475,3.7837672233581543,3.7888569831848145,3.793867349624634,3.7988150119781494,3.803720712661743,3.8086044788360596,3.8134803771972656,3.8183534145355225,3.823214530944824,3.8280375003814697,3.8327836990356445,3.8373990058898926,3.8418209552764893,3.8459808826446533,3.8498077392578125,3.853231191635132,3.8561830520629883,3.8586032390594482,3.860438346862793,3.861647129058838,3.862205982208252,3.8621106147766113,3.8613834381103516,3.860074996948242,3.8582656383514404,3.8560636043548584,3.8535990715026855,3.8510165214538574,3.848463535308838,3.8460793495178223,3.8439817428588867,3.8422586917877197,3.8409605026245117,3.8400979042053223,3.839641809463501,3.8395321369171143,3.839682102203369,3.8399930000305176,3.840367078781128,3.8407175540924072,3.840977907180786,3.841111660003662,3.8411099910736084,3.8409931659698486,3.840803384780884,3.840595006942749,3.840428590774536,3.840358257293701,3.8404247760772705,3.840653419494629,3.841050386428833,3.8416054248809814,3.842298984527588,3.843107223510742,3.844010353088379,3.845001697540283,3.8460891246795654,3.847299814224243,3.848679542541504,3.850285530090332,3.8521828651428223,3.854431390762329,3.857078790664673,3.860149383544922,3.863635778427124,3.86749529838562,3.8716471195220947,3.875973701477051,3.8803253173828125,3.884531021118164,3.8884096145629883,3.8917794227600098,3.8944756984710693,3.8963587284088135,3.8973236083984375,3.8973066806793213,3.896284341812134,3.894270658493042,3.891309976577759,3.8874690532684326,3.8828272819519043,3.877467632293701,3.871469020843506,3.8649046421051025,3.8578383922576904,3.850329875946045,3.8424365520477295,3.834219455718994,3.825752019882202,3.8171210289001465,3.808433771133423,3.7998175621032715,3.791419744491577,3.7834038734436035,3.7759456634521484,3.7692251205444336,3.763422727584839,3.75870943069458,3.7552437782287598,3.753164291381836,3.752586841583252,3.7535977363586426,3.756251811981201,3.7605669498443604,3.7665159702301025,3.77402400970459,3.7829580307006836,3.793119192123413,3.80423641204834,3.815960168838501,3.8278613090515137,3.839437246322632,3.8501224517822266,3.8593132495880127,3.8664004802703857,3.8708088397979736,3.8720459938049316,3.869746446609497,3.8637144565582275,3.8539459705352783,3.8406403064727783,3.8241844177246094
22,3.785872220993042,3.7875068187713623,3.789128065109253,3.7909200191497803,3.7930493354797363,3.7956509590148926,3.798809289932251,3.8025543689727783,3.8068554401397705,3.811629056930542,3.816749334335327,3.8220651149749756,3.8274166584014893,3.832656145095825,3.837656259536743,3.8423244953155518,3.8465986251831055,3.850442409515381,3.853837013244629,3.856765031814575,3.859203338623047,3.861114263534546,3.8624463081359863,3.8631386756896973,3.8631339073181152,3.862393856048584,3.860914945602417,3.8587398529052734,3.855966806411743,3.8527472019195557,3.8492789268493652,3.845790147781372,3.8425190448760986,3.8396921157836914,3.8375041484832764,3.8360984325408936,3.835554838180542,3.835883617401123,3.837024450302124,3.838853120803833,3.8411943912506104,3.843836545944214,3.846552848815918,3.849121332168579,3.851346015930176,3.853074312210083,3.8542068004608154,3.8547067642211914,3.8545985221862793,3.8539576530456543,3.8529036045074463,3.851576566696167,3.850125551223755,3.8486881256103516,3.8473780155181885,3.8462774753570557,3.845430612564087,3.8448479175567627,3.844510316848755,3.8443803787231445,3.844412088394165,3.8445615768432617,3.844797372817993,3.845106601715088,3.8454954624176025,3.845991849899292,3.8466389179229736,3.8474884033203125,3.848595380783081,3.8500096797943115,3.8517677783966064,3.853889226913452,3.8563737869262695,3.8591954708099365,3.8623082637786865,3.8656420707702637,3.869110345840454,3.8726115226745605,3.876037359237671,3.879275321960449,3.882218599319458,3.884772777557373,3.886857032775879,3.8884129524230957,3.889404296875,3.8898158073425293,3.8896520137786865,3.8889307975769043,3.887679100036621,3.8859245777130127,3.8836922645568848,3.880997657775879,3.8778460025787354,3.874232053756714,3.8701415061950684,3.865553617477417,3.860450029373169,3.854818105697632,3.8486576080322266,3.8419883251190186,3.8348519802093506,3.8273191452026367,3.819486618041992,3.8114802837371826,3.8034486770629883,3.795560121536255,3.7879934310913086,3.7809290885925293,3.7745423316955566,3.7689931392669678,3.7644193172454834,3.7609317302703857,3.7586114406585693,3.7575109004974365,3.757657527923584,3.75905442237854,3.761690616607666,3.765540599822998,3.770570755004883,3.776735305786133,3.7839760780334473,3.792212724685669,3.8013315200805664,3.8111743927001953,3.821526050567627,3.8321025371551514,3.8425452709198,3.852421283721924,3.861234426498413,3.8684422969818115
23,3.7918014526367188,3.7958855628967285,3.8009724617004395,3.806788444519043,3.8130242824554443,3.8193726539611816,3.825556993484497,3.831360340118408,3.8366401195526123,3.84132981300354,3.8454325199127197,3.848999261856079,3.852107286453247,3.8548309803009033,3.8572208881378174,3.859288454055786,3.8609957695007324,3.8622641563415527,3.8629841804504395,3.8630361557006836,3.862316131591797,3.8607585430145264,3.8583567142486572,3.855177164077759,3.8513591289520264,3.847111940383911,3.842695713043213,3.8384010791778564,3.8345236778259277,3.8313369750976562,3.8290719985961914,3.827895402908325,3.8279006481170654,3.8290998935699463,3.8314249515533447,3.8347344398498535,3.83882474899292,3.843444347381592,3.8483150005340576,3.8531486988067627,3.8576717376708984,3.8616409301757812,3.8648617267608643,3.8672001361846924,3.8685903549194336,3.8690342903137207,3.8685989379882812,3.867403030395508,3.8656036853790283,3.8633806705474854,3.8609158992767334,3.8583788871765137,3.8559131622314453,3.853627920150757,3.851592540740967,3.8498408794403076,3.848374843597412,3.8471734523773193,3.846202850341797,3.8454294204711914,3.84482479095459,3.844373941421509,3.844076633453369,3.8439481258392334,3.8440117835998535,3.844295024871826,3.844823122024536,3.8456127643585205,3.8466663360595703,3.847973346710205,3.849508047103882,3.8512322902679443,3.8531007766723633,3.855064868927002,3.8570759296417236,3.859090566635132,3.861071825027466,3.86299204826355,3.8648312091827393,3.866579055786133,3.8682305812835693,3.8697874546051025,3.87125563621521,3.8726420402526855,3.8739545345306396,3.8751986026763916,3.876375675201416,3.8774805068969727,3.8784983158111572,3.8794071674346924,3.880171775817871,3.8807485103607178,3.8810856342315674,3.8811233043670654,3.8808000087738037,3.880053758621216,3.8788251876831055,3.8770625591278076,3.874721050262451,3.8717687129974365,3.8681859970092773,3.8639659881591797,3.8591179847717285,3.853668451309204,3.8476619720458984,3.8411617279052734,3.8342533111572266,3.8270416259765625,3.819652795791626,3.8122308254241943,3.8049309253692627,3.7979161739349365,3.7913477420806885,3.7853751182556152,3.780128002166748,3.775707721710205,3.772181272506714,3.769578456878662,3.767892599105835,3.767086982727051,3.7671000957489014,3.7678616046905518,3.769301652908325,3.7713654041290283,3.7740204334259033,3.7772626876831055,3.781116008758545,3.7856252193450928,3.790843963623047,3.796818971633911
24,3.827758312225342,3.8331143856048584,3.8378074169158936,3.8418827056884766,3.845425605773926,3.848538637161255,3.8513150215148926,3.8538196086883545,3.856076955795288,3.858067750930786,3.859731435775757,3.8609750270843506,3.8616886138916016,3.861762285232544,3.861103057861328,3.859652280807495,3.8573966026306152,3.8543784618377686,3.850695848464966,3.846501588821411,3.8419954776763916,3.837409257888794,3.8329949378967285,3.8290069103240967,3.8256845474243164,3.8232383728027344,3.821835517883301,3.8215878009796143,3.82254695892334,3.824699878692627,3.827967643737793,3.832212448120117,3.8372457027435303,3.8428385257720947,3.848738193511963,3.854682207107544,3.860417127609253,3.865712881088257,3.870374917984009,3.8742542266845703,3.8772523403167725,3.8793234825134277,3.880469560623169,3.880735158920288,3.880197525024414,3.878960609436035,3.877141237258911,3.8748624324798584,3.8722450733184814,3.869401693344116,3.866431951522827,3.86342191696167,3.8604397773742676,3.8575408458709717,3.854768991470337,3.8521597385406494,3.849743366241455,3.847550868988037,3.845615863800049,3.84397292137146,3.8426601886749268,3.841715097427368,3.8411688804626465,3.8410449028015137,3.8413503170013428,3.842073678970337,3.8431828022003174,3.84462308883667,3.8463211059570312,3.8481874465942383,3.850123167037964,3.852027416229248,3.853802442550659,3.8553617000579834,3.8566372394561768,3.857581377029419,3.85817289352417,3.8584158420562744,3.8583433628082275,3.858013391494751,3.857506513595581,3.856921672821045,3.8563694953918457,3.8559648990631104,3.855818510055542,3.8560256958007812,3.856661558151245,3.8577699661254883,3.859361410140991,3.8614084720611572,3.8638482093811035,3.866586208343506,3.869502544403076,3.8724629878997803,3.8753256797790527,3.8779549598693848,3.88022518157959,3.882030487060547,3.8832876682281494,3.883937120437622,3.8839409351348877,3.8832805156707764,3.881953239440918,3.879969358444214,3.877347230911255,3.8741133213043213,3.8702995777130127,3.8659446239471436,3.8610947132110596,3.855804681777954,3.8501367568969727,3.8441660404205322,3.83797550201416,3.8316586017608643,3.8253173828125,3.819058895111084,3.8129935264587402,3.8072304725646973,3.801872730255127,3.797011137008667,3.7927210330963135,3.789053201675415,3.786031723022461,3.7836499214172363,3.7818706035614014,3.7806286811828613,3.779836893081665,3.7793970108032227,3.779210329055786,3.77919340133667
